,value,label
0,102,102 : 망원역 1번출구 앞
1,103,103 : 망원역 2번출구 앞
2,104,104 : 합정역 1번출구 앞
3,105,105 : 합정역 5번출구 앞
4,106,106 : 합정역 7번출구 앞
5,107,107 : 신한은행 서교동금융센터점 앞
6,108,108 : 서교동 사거리
7,109,109 : 제일빌딩 앞
8,111,111 : 상수역 2번출구 앞
9,112,112 : 극동방송국 앞
10,113,113 : 홍대입구역 2번출구 앞
11,114,114 : 홍대입구역 8번출구 앞
12,115,115 : 마스타 빌딩 앞
13,116,116 : 일진아이윌아파트 옆
14,117,117 : 홍은사거리
15,118,118 : 광흥창역 2번출구 앞
16,119,119 : 서강나루 공원
17,120,120 : 신수동 사거리
18,121,121 : 마포소방서 앞
19,122,122 : 신성기사식당 앞
20,123,123 : 문화촌 공원
21,124,124 : 서강대 정문 건너편
22,125,125 : 서강대 남문 옆
23,126,126 : 서강대 후문 옆
24,127,127 : 현대벤처빌 앞
25,128,128 : 신촌역(2호선) 1번출구 옆
26,129,129 : 신촌역(2호선) 6번출구 옆
27,130,130 : 신촌역(2호선) 7번출구 앞
28,131,131 : 증산2교
29,133,133 : 해담는다리
30,134,134 : 연세로 명물길
31,135,135 : 명물길 원형무대 앞
32,137,137 : NH농협 신촌지점 앞
33,138,138 : 신촌동 제1공영주차장 앞
34,139,139 : 연세대 정문 건너편
35,140,140 : 이화여대 후문
36,141,141 : 연대 대운동장 옆
37,142,142 : 아현역 4번출구 앞
38,143,143 : 공덕역 2번출구
39,144,144 : 공덕역 8번출구
40,145,145 : 공덕역 5번출구
41,146,146 : 마포역 2번출구 뒤
42,147,147 : 마포역 4번출구 뒤
43,148,148 : 용강동 주민센터 앞
44,150,150 : 서강대역 2번출구 앞
45,153,153 : 성산2교 사거리
46,154,154 : 마포구청역
47,155,155 : 가좌역1 번출구 뒤
48,156,156 : 서울서부지방법원 앞
49,157,157 : 애오개역 4번출구 앞
50,159,159 : 이대역 4번 출구
51,160,160 : 북아현동 가구거리
52,161,161 : 무악재역1번 출구
53,162,162 : 봉원고가차도 밑
54,163,163 : 명지전문대학교 정문 앞
55,164,164 : 북가좌1동 주민센터
56,165,165 : 중앙근린공원
57,166,166 : 가재울 초등학교
58,167,167 : 연가초등학교 옆
59,169,169 : 북가좌 삼거리
60,170,170 : 가재울 뉴타운 주유소 옆
61,171,171 : 임광빌딩 앞
62,173,173 : 서대문역 8번출구 앞
63,175,175 : 홍연2교옆
64,176,176 : 명지대학교 도서관
65,177,177 : 북가좌 초등학교
66,178,178 : 증산3교 앞
67,179,179 : 가좌역 4번출구 앞
68,180,180 : 충정로역 7번출구 아래
69,181,181 : 망원초록길 입구
70,182,182 : 망원2빗물펌프장 앞
71,183,183 : 하늘채코오롱아파트 건너편
72,184,184 : SK망원동주유소 건너편
73,185,185 : 마포 신수공원 앞
74,186,186 : 월드컵공원
75,188,188 : 홍은동 정원여중 입구
76,191,191 : 서우빌딩(바른학원)
77,192,192 : 연서어린이공원
78,194,194 : 증산교 앞
79,195,195 : 모래내고가차도
80,196,196 : 연희교차로 인근
81,198,198 : 충정2교
82,199,199 : 서울 월드컵 경기장
83,200,200 : 국회의원회관
84,201,201 : 진미파라곤 앞
85,202,202 : 국민일보 앞
86,203,203 : 국회의사당역 3번출구 옆
87,204,204 : 국회의사당역 5번출구 옆
88,205,205 : 산업은행 앞
89,206,206 : KBS 앞
90,207,207 : 여의나루역 1번출구 앞
91,209,209 : 유진투자증권빌딩 앞
92,210,210 : IFC몰
93,211,211 : 여의도역 4번출구 옆
94,212,212 : 여의도역 1번출구 옆
95,213,213 : KT앞
96,214,214 : 금융감독원 앞
97,215,215 : 여의도고교 앞
98,217,217 : NH농협은행 앞
99,219,219 : 롯데캐슬엠파이어 옆
100,220,220 : 미성아파트 A동 앞
101,221,221 : 여의도초교 앞
102,222,222 : 시범아파트버스정류장 옆
103,223,223 : 진주아파트상가 앞
104,224,224 : 롯데캐슬 앞
105,225,225 : 앙카라공원 앞
106,226,226 : 샛강역 1번출구 앞
107,227,227 : 양평2나들목 보행통로 입구
108,228,228 : 선유도역 3번출구 앞
109,229,229 : 양평1 보행육교 앞
110,230,230 : 영등포구청역 1번출구
111,231,231 : 남부고용노동지청 남측
112,232,232 : 양평우림 이비즈센타 앞
113,233,233 : YP 센터 앞
114,234,234 : 영등포구민체육센터 앞
115,235,235 : 신길동 우리은행 옆
116,236,236 : 문래동자이아파트 앞
117,237,237 : 보라매 두산위브 건너편
118,238,238 : 제2구민체육센타 앞
119,239,239 : 유스호스텔 앞
120,240,240 : 문래역 4번출구 앞
121,241,241 : 신길우성1차아파트 앞 공원
122,242,242 : 신길선원가와인아파트 앞
123,243,243 : 이앤씨드림타워 앞
124,244,244 : 영등포삼환아파트 앞
125,245,245 : 삼성생명 당산사옥 앞
126,247,247 : 당산역 10번출구 앞
127,248,248 : 초원아파트 앞
128,249,249 : 여의도중학교 옆
129,250,250 : 대림아파트 사거리
130,251,251 : 서울지방병무청 버스정류장
131,252,252 : 보라매역4번출구
132,253,253 : 신풍역 5번출구 인근
133,254,254 : 도림신협 앞
134,255,255 : 도림사거리
135,256,256 : 동아에코빌입구
136,258,258 : 신길역3번출구
137,259,259 : 대방역6번출구
138,260,260 : 여의도 마리나선착장 앞
139,262,262 : 영문초등학교 사거리
140,263,263 : 근로자회관 사거리
141,264,264 : 교보생명보험 앞
142,265,265 : 영등포유통상가 사거리
143,266,266 : 영등포청과시장 사거리
144,267,267 : 삼성화재 사옥 옆
145,268,268 : 그랜드컨벤션센터 앞
146,270,270 : 증권거래소후문교차로
147,271,271 : 샛강생태공원방문자센터 앞
148,272,272 : 당산육갑문
149,274,274 : 영등포역지하쇼핑센타 5번출구
150,275,275 : 신동아아파트
151,276,276 : SK 영등포주유소
152,277,277 : 영등포뉴타운지하상가 2번게이트
153,278,278 : 쌍용플레티넘오피스텔
154,279,279 : 영등포 푸르지오 아파트
155,280,280 : 양평동6차현대아파트 앞
156,281,281 : 신동아아파트 앞
157,282,282 : 신한은행
158,283,283 : 아크로타워 스퀘어(영등포시장)
159,284,284 : 센트럴 푸르지오 시티 앞
160,285,285 : 대림3동사거리(하나은행)
161,286,286 : 우성아파트 교차로
162,287,287 : 영등포전화국사거리 (서강어린이공원)
163,288,288 : 쌍용예가(구청별관)
164,289,289 : 대림3동사거리
165,290,290 : 당산동 SK V1 빌딩
166,291,291 : 문래동 하이테크 시티
167,292,292 : 영일 어린이공원
168,293,293 : 충북 미래관
169,295,295 : 영등포공원 분수대 앞
170,296,296 : KT플라자 영등포점
171,297,297 : 국회3문
172,298,298 : KBS 연구동 건너편
173,299,299 : 여의도 순복음교회
174,300,300 : 정동사거리
175,301,301 : 경복궁역 7번출구 앞
176,302,302 : 경복궁역 4번출구 뒤
177,303,303 : 광화문역 1번출구 앞
178,305,305 : 종로구청 옆
179,306,306 : 광화문역 7번출구 앞
180,307,307 : 서울역사박물관 앞
181,308,308 : 광화문 S타워 앞
182,309,309 : 광화문역 6번출구 옆
183,310,310 : 청계광장 옆
184,314,314 : 국립현대미술관
185,316,316 : 종각역 1번출구 앞
186,318,318 : 광교사거리 남측
187,320,320 : 을지로입구역 4번출구 앞
188,321,321 : KEB 하나금융그룹 명동사옥 옆
189,322,322 : 명동성당 앞
190,324,324 : 신세계백화점 본점 앞
191,326,326 : 안국역 5번출구 앞
192,327,327 : 낙원상가 옆
193,328,328 : 탑골공원 앞
194,329,329 : 청계2가 사거리 옆
195,331,331 : 을지로2가 사거리 북측
196,332,332 : 을지로2가 사거리 남측
197,334,334 : 종로3가역 2번출구 뒤
198,335,335 : 종로3가역 15번출구 앞
199,336,336 : 티마크 호텔 앞
200,337,337 : 창경궁 입구
201,338,338 : 세운스퀘어 앞
202,339,339 : 종로4가 사거리
203,340,340 : 혜화동 로터리
204,341,341 : 혜화역 3번출구 뒤
205,342,342 : 대학로 마로니에공원
206,343,343 : 예일빌딩(율곡로) 앞
207,344,344 : 성균관대 E하우스 앞
208,345,345 : 서울보증보험본사 앞
209,346,346 : 맥스타일 앞
210,347,347 : 동대문역사문화공원역 9번출구 앞
211,348,348 : 독립문역 사거리
212,349,349 : 사직동주민센터
213,351,351 : 청운초교 앞 삼거리
214,352,352 : 중앙고입구 삼거리
215,353,353 : 재동초교 앞 삼거리
216,354,354 : 포르투갈 대사관 앞
217,355,355 : 서울사대부속초교 앞
218,356,356 : KT혜화지사 앞
219,358,358 : 성대입구 사거리
220,359,359 : 원남동사거리
221,361,361 : 동묘앞역 1번출구 뒤
222,362,362 : 청계8가 사거리
223,363,363 : 신설동역 11번출구 뒤
224,364,364 : 창신역 1번출구 앞
225,367,367 : 독립문역 3-1번출구
226,368,368 : SK 서린빌딩 앞
227,369,369 : 광화문 시민열린마당
228,370,370 : 시청역(2호선) 9번출구 뒤
229,371,371 : 동대입구역 6번출구 뒤
230,372,372 : 약수역 3번출구 뒤
231,374,374 : 청구역 2번출구 앞
232,379,379 : 서울역9번출구
233,380,380 : CJ제일제당 앞
234,381,381 : 장충체육관
235,382,382 : 약수역 10번출구 앞
236,383,383 : 신당역 12번 출구 뒤
237,384,384 : 종로학원본원
238,385,385 : 종각역 5번출구
239,387,387 : 훈련원공원주차장 앞
240,388,388 : 동성중학교 앞
241,389,389 : 을지로4가역 1번출구
242,390,390 : 충무로역 1번출구
243,391,391 : 정동길입구
244,393,393 : 동대문역 8번 출구
245,394,394 : 경희궁 자이 3단지
246,395,395 : 경희궁 자이 2단지
247,397,397 : 종묘공영주차장 건너편
248,398,398 : 을지로3가역 3번출구
249,399,399 : 서울역 센트럴 자이아파트
250,400,400 : 상암한화오벨리스크 1차 앞
251,401,401 : 상암월드컵파크 10단지 앞
252,402,402 : 상암월드컵파크 9단지 앞
253,403,403 : 부엉이공원 앞
254,405,405 : DMC빌 앞
255,406,406 : 상암월드컵파크 7단지 앞
256,407,407 : 마포구 육아종합지원센터
257,408,408 : LG CNS앞
258,409,409 : 누리꿈스퀘어 옆
259,410,410 : 상암중학교 옆
260,411,411 : DMC홍보관
261,412,412 : DMC산학협력연구센터 앞
262,413,413 : 상암월드컵파크 3단지 후문
263,414,414 : 상암동주민센터 옆
264,415,415 : DMC역 9번출구 앞
265,416,416 : 상암월드컵파크 1단지 교차로
266,417,417 : DMC역 2번출구 옆
267,418,418 : 월드컵경기장역 3번출구 옆
268,419,419 : 홈플러스 앞
269,420,420 : 서울시 공공자전거 상암센터
270,421,421 : 마포구청 앞
271,422,422 : 문화비축기지
272,424,424 : 롯데하이마트 (상암월드컵점)
273,425,425 : DMC첨단산업센터
274,426,426 : 서울신용보증재단
275,427,427 : 성산시영아파트
276,428,428 : 명보사거리
277,429,429 : 송도병원
278,430,430 : KEB하나은행 장충동지점
279,431,431 : 청계천 영도교
280,432,432 : 마포중앙도서관
281,433,433 : 을지로입구역 2번출구
282,434,434 : 신당 래미안 버스정류장
283,435,435 : SK 남산빌딩
284,436,436 : 이대역 5번출구
285,437,437 : 대흥역 1번출구
286,438,438 : 성산2-1 공영주차장
287,439,439 : 마포어린이공원
288,440,440 : 하늘공원 입구
289,441,441 : 염천교사거리
290,442,442 : 서울역 서부
291,443,443 : 호암아트홀
292,445,445 : 대한상공회의소
293,446,446 : 상명대입구
294,447,447 : 신영동삼거리
295,449,449 : 일성아파트
296,450,450 : 효자동 삼거리
297,451,451 : 청와대앞길
298,452,452 : 동대문 종합시장 버스정류장
299,453,453 : 종로오가 지하쇼핑센터 14번출구
300,454,454 : 종로2가 버스정류장 (종각방향)
301,455,455 : 삼익한의원
302,456,456 : 숭인2동 주민센터 입구 (이강3대냉면)
303,457,457 : 종로꽃시장 입구 옆
304,458,458 : 광화문역 5번출구
305,461,461 : 서울지방경찰청
306,462,462 : 신영동삼거리(북악터널방향)
307,464,464 : 삼청동 골목
308,465,465 : 삼청공원 앞
309,466,466 : 롯데호텔
310,467,467 : 한국은행
311,468,468 : 웨스틴 조선호텔
312,469,469 : 회현역 1번출구
313,470,470 : 회현역 7번출구
314,471,471 : 회현사거리 남측
315,472,472 : 삼일교(시그니쳐 타워)
316,473,473 : 을지로4가역 9번출구
317,474,474 : 동대문역사문화공원역 1번출구 뒤편
318,475,475 : ddp패션몰
319,476,476 : 광희문
320,477,477 : 앰배서더 호텔 주변
321,479,479 : 동대입구역 3번 출구
322,480,480 : 약수역 6번 출구
323,481,481 : 신당역 10번 출구
324,483,483 : 남산타운아파트 버스정류장
325,484,484 : 도동삼거리
326,485,485 : 서울역4번출구
327,486,486 : 평창동주민센터 앞
328,487,487 : 신석초교앞 교차로 교통섬
329,488,488 : 푸르메병원
330,489,489 : 구룡근린공원
331,490,490 : 가온문화공원
332,491,491 : 월드컵파크 4단지
333,492,492 : 성산시영아파트 후문
334,493,493 : 홍대입구역 6번출구
335,494,494 : 신수동주민센터
336,495,495 : 염리초등학교 앞
337,497,497 : 합정동주민센터 앞
338,498,498 : 연남동주민센터 앞
339,500,500 : 어린이대공원역 3번출구 앞
340,501,501 : 광진구의회 앞
341,502,502 : 뚝섬유원지역 1번출구 앞
342,505,505 : 자양사거리 광진아크로텔 앞
343,506,506 : 금호 어울림 아파트 앞
344,507,507 : 성수아이에스비즈타워 앞
345,508,508 : 성수아카데미타워 앞
346,509,509 : 이마트 버스정류소 옆
347,510,510 : 서울숲 남문 버스정류소 옆
348,511,511 : 서울숲역 4번 출구 옆
349,512,512 : 뚝섬역 1번 출구 옆
350,513,513 : 뚝섬역 5번 출구 정류소 옆
351,514,514 : 성수사거리 버스정류장 앞
352,515,515 : 광양중학교 앞
353,516,516 : 광진메디칼 앞
354,518,518 : 청계천 박물관 앞
355,519,519 : 양지사거리
356,520,520 : 상왕십리역 4번 출구 앞
357,521,521 : 왕십리역 11번 출구 앞
358,522,522 : 금호역 1번출구 앞
359,523,523 : 옥수동성당 옆
360,524,524 : 래미안금호하이리버 아파트 102동 옆
361,525,525 : 한양대병원사거리
362,526,526 : 용답토속공원 앞
363,529,529 : 장한평역 8번 출구 앞
364,530,530 : 청계벽산아파트 앞
365,533,533 : 우리은행 금호동 지점 앞
366,534,534 : 금호사거리
367,535,535 : 응봉삼거리
368,536,536 : 행당역 2번출구 앞
369,537,537 : 한양대후문역 부근
370,538,538 : 답십리역 8번출구 앞
371,539,539 : 군자교교차로
372,540,540 : 군자역 7번출구 베스트샵 앞
373,542,542 : 강변역 4번출구 뒤
374,543,543 : 구의공원(테크노마트 앞)
375,544,544 : 광남중학교
376,546,546 : 잠실대교북단 교차로
377,548,548 : 자양나들목
378,549,549 : 아차산역 3번출구
379,550,550 : 서울시설공단 앞
380,551,551 : 구의삼성쉐르빌 앞
381,552,552 : 대림아크로리버 앞
382,553,553 : 중곡 성원APT 앞
383,555,555 : 구의3동주민센터
384,556,556 : 달맞이공원
385,557,557 : 도선동 주민센터 앞
386,558,558 : 성동광진 교육지원청 앞
387,559,559 : 왕십리역 4번 출구 건너편
388,560,560 : 비전교회 앞
389,561,561 : 서울숲역 2번출구 앞
390,562,562 : 군자지하보도 앞
391,563,563 : 성동세무서 건너편
392,564,564 : 금호역 3번출구
393,565,565 : 옥수역 3번출구
394,567,567 : 성수역 2번출구 앞
395,568,568 : 청계8가사거리 부근
396,569,569 : 응봉현대아파트 정류소
397,571,571 : 어린이대공원역6번출구
398,572,572 : 국립정신 건강센터 앞
399,573,573 : 구의문주차장 앞
400,574,574 : 아차산역4번출구
401,575,575 : 중앙농협 중곡지점
402,576,576 : 광나루역 3번 출구
403,577,577 : 광진청소년수련관
404,578,578 : 성동세무서 부근
405,579,579 : 마장역 4번출구
406,582,582 : 경일중학교 앞
407,583,583 : 청계천 생태교실 앞
408,584,584 : 광진광장 교통섬
409,585,585 : 성수2가1동 공영주차장 인근
410,586,586 : 마장동 주민센터
411,587,587 : 유니베라 앞
412,588,588 : 뚝섬 유원지역
413,589,589 : 성수역3번출구
414,590,590 : 건국대학교 (입학정보관)
415,591,591 : 건국대학교 (행정관)
416,592,592 : 건국대학교 학생회관
417,593,593 : 자양중앙나들목
418,594,594 : 중랑물재생센터(서울새활용플라자)
419,600,600 : 휘경2동 주민센터
420,601,601 : 용신동주민센터
421,602,602 : 장안동 사거리
422,604,604 : 답십리초등학교 옆 공원
423,605,605 : 신설동역8번출구
424,606,606 : 휘경공고앞
425,607,607 : 신이문역 2번출구
426,608,608 : 전농삼성아파트
427,609,609 : 제기2교
428,610,610 : 동대문중 교차로
429,612,612 : 시립동부병원 앞 사거리
430,613,613 : 신설동역 10번출구 앞
431,614,614 : 용두동 사거리
432,615,615 : 용두동 래미안허브리츠아파트 앞
433,616,616 : 서울시립대 앞
434,617,617 : 청솔우성아파트 앞
435,621,621 : 동대문중학교 옆
436,622,622 : 전농사거리 교통섬
437,623,623 : 서울시립대 정문 앞
438,624,624 : 전농동 동아아파트 앞
439,625,625 : 답십리초등학교 앞(현대시장 옆)
440,626,626 : 군자교 서측 녹지대
441,627,627 : 장안동삼거리 교통섬
442,628,628 : 휘봉고등학교 앞
443,630,630 : 동대문구 보건소
444,631,631 : 답십리역 1번출구
445,633,633 : 청량리 기업은행 앞
446,634,634 : 외국어대 정문 앞
447,635,635 : 시조사 앞 (청량고정문 옆)
448,636,636 : 세종대왕기념관 교차로
449,637,637 : KAIST 경영대학 앞
450,638,638 : 서울시립대 정보기술관
451,639,639 : 서울시립대 후문
452,640,640 : KEB하나은행 청량리역지점
453,641,641 : 용두역 4번출구
454,642,642 : 신답역 사거리
455,643,643 : 동대문구민체육센터 (육교아래)
456,646,646 : 장한평역 1번출구 (국민은행앞)
457,647,647 : 신이문역 1번출구
458,648,648 : 장안동위더스빌옆
459,650,650 : 중랑교사거리
460,652,652 : 답십리 래미안엘파인아파트 입구
461,654,654 : 전농동 텃골공원
462,656,656 : 영휘원 교차로
463,657,657 : 동대문롯데캐슬아파트 앞
464,658,658 : 촬영소 사거리
465,659,659 : 제기역1번출구
466,660,660 : 동의보감타워
467,661,661 : 경희대학교 청운관
468,663,663 : 외대앞역 4번출구
469,664,664 : 서울시립대 건설공학관
470,665,665 : 이문동 쌍용아파트 정문
471,666,666 : 이문대성유니드아파트 앞
472,667,667 : 청량차도 육교 밑
473,668,668 : 서울축산농협(장안지점)
474,669,669 : 청계신한신휴플러스앞 삼거리
475,670,670 : 삼육서울병원 버스정류장
476,671,671 : 대광빌딩
477,672,672 : 대광고등학교
478,673,673 : 안암골벽산아파트(후문)
479,674,674 : 고대앞사거리 교통섬
480,676,676 : FITI시험연구원 앞
481,677,677 : 청량리역 4번 5번출구 사이
482,678,678 : 장안힐스테이트(아) 앞
483,679,679 : 전농SK아파트 앞
484,680,680 : 꿈마루어린이도서관 앞
485,681,681 : 서울특별시 동부교육지원청(육교)
486,700,700 : KB국민은행 염창역 지점 앞
487,701,701 : 목동사거리 부근
488,702,702 : 목4동주민센터 옆
489,703,703 : 오목교역 7번출구 앞
490,704,704 : 남부법원검찰청 교차로
491,706,706 : 신정네거리역
492,708,708 : 서울출입국관리사무소 앞
493,709,709 : 신정3동 현장민원실 앞
494,710,710 : 금옥여고보도육교
495,711,711 : 신일해피트리아파트 앞
496,712,712 : 강월초교입구 사거리
497,713,713 : 양서중학교 옆
498,714,714 : 한국SGI 양천문화회관 앞
499,716,716 : 신정6동 주민센터 인근
500,719,719 : 홍익병원앞 교차로
501,720,720 : 서울강월초등학교 앞
502,722,722 : LG전자베스트샵 신정점
503,723,723 : SBS방송국
504,724,724 : 계남공원 입구 주출입구 좌측
505,725,725 : 양강중학교앞 교차로
506,726,726 : 목동3단지 시내버스정류장
507,729,729 : 서부식자재마트 건너편
508,731,731 : 서울시 도로환경관리센터
509,732,732 : 신월동 이마트
510,733,733 : 신정이펜하우스314동
511,734,734 : 신트리공원 입구
512,735,735 : 영도초등학교
513,736,736 : 오솔길공원
514,737,737 : 장수공원
515,739,739 : 신월사거리
516,740,740 : 으뜸공원
517,741,741 : 화곡로 입구 교차로
518,742,742 : 등촌역 5번 출구 뒤
519,743,743 : 현대6차아파트 101동 옆
520,744,744 : 신목동역 2번 출구
521,745,745 : 강서초등학교
522,746,746 : 목동2단지 상가
523,747,747 : 목동3단지 상가
524,748,748 : 목동운동장
525,749,749 : 이대 목동병원 앞
526,750,750 : 연의근린공원 건너편
527,752,752 : 성원2차 아파트
528,754,754 : 목동1단지아파트 118동 앞 (월촌초등학교 정류소 옆
529,755,755 : 목동1단지아파트 상가 앞 (월촌중학교 버스정류소 옆)
530,756,756 : 목동주차장
531,757,757 : 신정이펜하우스 1단지아파트 입구 사거리
532,758,758 : 한사랑교회 앞
533,759,759 : 보아스아파트 앞
534,760,760 : 잣절보도육교 아래
535,762,762 : 오목로 무중력지대 앞
536,763,763 : 목동11단지 아파트
537,764,764 : 목동청소년수련관
538,765,765 : 오목교역 3번출구
539,766,766 : 신목동역 3번출구
540,767,767 : 신정숲속마을아파트
541,768,768 : 목동5단지아파트 501동
542,769,769 : CBS방송국 앞
543,770,770 : 목동역5번출구 교통정보센터 앞
544,771,771 : 목동아파트 703동 앞
545,773,"773 : 염창역 3, 4번 출구 사이"
546,774,774 : 등촌역 4번 출구 
547,775,775 : 세종그랑시아 앞(102동)
548,776,776 : 목마공원
549,777,777 : 신월6차보람아파트 앞
550,779,779 : 양천나눔누리센터
551,780,780 : 신정교 하부
552,781,781 : 신정보도육교 아래
553,782,782 : 서남병원 후문
554,785,"785 : 양천구청, 보건소 사잇길"
555,786,786 : 목동아파트 8단지 상가동 앞
556,787,787 : 양천아파트 입구
557,788,788 : 양천구청역 2번출구 옆
558,790,790 : 화곡고가 사거리
559,791,791 : 현대하이페리온
560,792,792 : 목동트라팰리스 웨스턴에비뉴
561,793,793 : 목동5단지아파트 534동
562,794,794 : 양천문화회관
563,795,795 : 양천 해누리타운
564,796,796 : 목동아파트 14단지 B상가 앞
565,797,797 : 목동아파트 1422동 1434동 사잇길
566,800,800 : 목월공원 앞
567,802,802 : 한강진역 2번 출구 앞
568,803,803 : 한남초교 앞 보도육교
569,805,805 : 문배어린이공원 앞
570,806,806 : 전자랜드 본관 앞
571,807,807 : 서울역 12번 출구 앞
572,808,808 : 서빙고동 금호맨션 앞
573,809,809 : 한남 유수지 복개주차장
574,810,810 : 이태원지하보도
575,811,811 : 녹사평역1번출구
576,812,812 : 용산전쟁기념관
577,813,813 : 삼각지역 3번출구
578,815,815 : LIG강촌아파트 103동앞
579,816,816 : 신용산역 6번출구 앞
580,817,817 : 삼각지역 4번출구 앞
581,818,818 : 숙명여대 입구 교차로
582,819,819 : 선린인터넷 고등학교
583,820,820 : 청파동입구 교차로
584,822,822 : 이촌1동 마을공원
585,823,823 : 효창동주민센터 앞
586,825,825 : 서빙고동 주민센터 앞
587,826,826 : 서울역 서부교차로2
588,827,827 : 국군복지단
589,828,828 : 숙대입구역 8번
590,829,829 : 베르가모앞
591,830,830 : 청암자이아파트앞
592,831,831 : 이태원관광특구입구
593,832,832 : 이촌1동 주민센터 뒤
594,834,834 : 효창공원앞역 3번출구 뒤
595,835,835 : 남영역 건너편
596,836,836 : 현대자동차서비스 앞
597,837,837 : 한남나들목 입구
598,838,838 : 숙대입구역 4번출구
599,839,839 : 보광동 삼성리버빌아파트 앞
600,840,840 : 용산 파크타워 앞
601,841,841 : 신용산역 1번 출구
602,843,843 : 녹사평역 광장
603,844,844 : 이촌2동 동원베네스트 아파트 앞
604,845,845 : 용산 선인상가
605,846,846 : 용산중학교
606,847,847 :  국방부민원실옆
607,848,848 :  삼각지12번 출구
608,849,849 :  삼각지 자이아파트
609,850,850 :  KCC용산월츠타워 
610,851,851 : 효창 푸르지오 앞
611,852,852 : 청암자이APT(103동)
612,853,853 : 용산역 맞은편
613,854,854 : HID 유족동지회 앞
614,855,855 : 이촌역5번출구 앞
615,857,857 :  현대 안성타워
616,858,858 : 녹사평역3번 출구
617,859,859 : 남산공원 야외식물원 앞
618,860,860 : LG한강 자이아파트 앞
619,863,863 : 이촌역2번 출구
620,864,864 : 순천향대학병원(한남오거리)
621,865,865 : 하얏트호텔 앞
622,866,866 : 브라운스톤 남산아파트
623,867,867 : 서빙고역 광장(1번출구)
624,869,869 : 노들섬 동측 앞
625,870,870 : 노들섬 서측 앞
626,900,900 : 은평예술회관
627,901,901 : 응암1동사무소
628,902,902 : 진관동 은빛초등학교
629,903,903 : 은평뉴타운 아이파크
630,904,904 : 은평뉴타운 푸르지오
631,905,905 : 구파발역 2번출구
632,906,906 : 연신내역 5번출구150M 아래
633,907,907 : CJ 드림시티
634,908,908 : 구산역 4번출구
635,909,909 : 백련산 힐스테이트 3차
636,911,911 : 은평평화공원(역촌역4번출구)
637,912,912 : 응암오거리
638,913,913 : 이마트 은평점
639,914,914 : 새절역 2번출구
640,915,915 : 증산역 4번출구
641,916,916 : 평생학습관 앞
642,917,917 : 녹번역 4번출구
643,919,919 : 서울혁신파크
644,921,921 : 신도고등학교
645,922,922 : 연신내역 4번출구
646,923,923 : 국민은행 연서지점
647,924,924 : 메뚜기다리
648,925,925 : 불광역 2번출구
649,927,927 : 연신내역 3번출구 인근
650,928,928 : 은평역사한옥박물관
651,930,930 : 구 서부경찰서 건너편
652,931,931 : 역촌파출소
653,932,932 : 예일여중
654,933,933 : LG서비스 역촌점
655,934,934 : 신사동 성당
656,937,937 : 상림마을 롯데캐슬2단지 옆
657,938,938 : 금암 문화공원
658,939,939 : 은평구청 교차로
659,941,941 : 은평뉴타운 도서관
660,942,942 : 상림마을 생태공원
661,943,943 : 은평구청 보건소
662,945,945 : 기자촌 사거리
663,946,946 : 독바위역
664,947,947 : 연신내 선일하이츠빌 정류소
665,948,948 : 디지털미디어 시티역 4번출구
666,949,949 : 연신내역 1번 출구
667,950,950 : 구산역 2번 출구
668,952,952 : 서울연신중학교
669,953,953 : 서울연신초등학교
670,954,954 : 은평뉴타운구파발9단지
671,956,956 : 응암시장교차로
672,958,958 : 신한은행 응암동 지점 앞
673,959,959 : 구파발10단지 인근
674,960,960 : 구파발역 환승센터
675,961,961 : 불광역 9번 출구
676,962,962 : 은평뉴타운 힐데스하임
677,963,963 : 대호프라자아파트
678,964,964 : 북한산힐스테이트 7차아파트
679,965,965 : 서울특별시 은평병원
680,966,966 : 서울혁신파크1
681,967,967 : 서울혁신파크2
682,968,968 : 은평뉴타운 상림마을 13단지
683,969,969 : 은평 지웰테라스
684,971,971 : 역촌 센트레빌 아파트
685,972,972 : 수색역
686,973,973 : 제각말푸르지오 5-1단지 아파트
687,974,974 : 연신초등학교옆 마을마당
688,975,975 : 백련산 힐스테이트상가앞
689,976,976 : 진관고등학교앞
690,977,977 : 신도중학교앞
691,978,978 : 녹번 힐스테이트상가앞
692,979,979 : 원풍빌라앞
693,982,982 : 유니클로 은평점앞
694,984,984 : 상신초등학교앞 버스정류장
695,985,985 : 은평온누리약국앞
696,989,989 : 응암 꼬꼬닭치킨호프 앞
697,991,991 : 흥국사 정류장
698,992,992 : 북한산입구 정류장
699,993,993 : 은평뉴타운 온뜨락아파트앞
700,994,994 : 북한산생태공원입구(교통섬)
701,995,995 : 은평다목적체육관
702,996,996 : 응암역 1번출구
703,1001,1001 : 광진교 남단 사거리(디지털프라자앞)
704,1002,1002 : 해공공원(천호동)
705,1003,1003 : 해공도서관앞
706,1004,1004 : 삼성광나루아파트 버스정류장
707,1006,1006 : 롯데캐슬 115동앞
708,1007,1007 : 암사동 선사유적지
709,1008,1008 : 암사역 3번출구(국민은행앞)
710,1009,1009 : 천호역4번출구(현대백화점)
711,1010,1010 : 강동세무서
712,1011,1011 : LIGA 아파트 앞
713,1012,1012 : 서울 상운차량
714,1013,1013 : 강동구청역 1번 출입구
715,1015,1015 : 샛마을 근린공원
716,1016,1016 : 해뜨는 주유소옆 리엔파크 109동앞
717,1017,1017 : 맥도날드(길동)
718,1018,1018 : 둔촌 주공 GS 맞은편
719,1019,1019 : 다성이즈빌아파트(호원대 대각선 맞은편)
720,1020,1020 : 강동경찰서
721,1021,1021 : 강일동 리슈빌 빌딩앞
722,1022,1022 : 길동 사거리(초소앞)
723,1023,1023 : 한국종합기술사옥 앞
724,1024,1024 : 강동구청 앞
725,1025,1025 : 상일초등학교
726,1026,1026 : 대명초교 입구 교차로
727,1027,1027 : 프라자 아파트 앞
728,1028,1028 : 포레스 주상복합 빌딩
729,1029,1029 : 롯데 시네마
730,1030,1030 : 미호 플랜트 앞
731,1031,1031 : 암사동 CBIS
732,1032,1032 : 선사고등학교
733,1033,1033 : 고덕동 아남아파트
734,1034,1034 : 고덕동 래미안 힐스테이트
735,1035,1035 : 고덕역 4번출구
736,1036,1036 : 고덕동 주양쇼핑
737,1037,1037 : 강일리버파크 6단지
738,1038,1038 : 강일 다솜 어린이 공원
739,1039,1039 : 고덕초등학교
740,1041,1041 : 묘곡초등학교
741,1042,1042 : 강일리버파크 2~5단지
742,1044,1044 : 굽은다리역
743,1047,1047 : 건강보험 강동지사kt
744,1048,1048 : 동부기업(둔촌동)
745,1049,1049 : 강일리버파크 10단지
746,1050,1050 : 둔촌역 3번 출입구
747,1051,1051 : 양지시장 (용성약국앞) 입구
748,1052,1052 : 리싸이클시티
749,1053,1053 : 동명근린공원 진입로 (아리수로)
750,1054,1054 : 말우물 어린이 공원
751,1056,1056 : 강일리버파크 7~11단지
752,1057,1057 : 능골근린공원
753,1058,1058 : 고덕숲 아이파크 1
754,1059,1059 : 래미안 강동팰리스(102동)
755,1060,1060 : 천일초교 사거리
756,1061,1061 : 천호초교 입구 사거리(일주빌딩)
757,1062,1062 : 고덕숲 아이파크 2
758,1063,1063 : 강동롯데캐슬퍼스트 아파트(관리동)
759,1064,1064 : 중앙보훈병원역 1번출구
760,1065,1065 : 보훈병원 정문옆(중앙대영약국)
761,1066,1066 : 생태공원앞 교차로(조명탑)
762,1067,1067 : 한영중고앞사거리
763,1068,1068 : 명일파출소
764,1069,1069 : 강동경희대학교병원 입구
765,1070,1070 : (시립)고덕평생학습관
766,1071,1071 : 명일근린공원공동체텃밭
767,1072,1072 : 고덕역 5번출구
768,1073,1073 : SSTS 몰 앞
769,1074,1074 : 대명초교입구 사거리
770,1075,1075 : 천동초교 삼거리
771,1076,1076 : 전자랜드 길동점
772,1077,1077 : 강동역 1번출구 앞
773,1078,1078 : 둔촌사거리
774,1079,1079 : 강일동입구교차로
775,1080,1080 : 엘웨딩
776,1081,1081 : 트레빌빌딩
777,1082,1082 : 중앙보훈병원역3번출구
778,1083,1083 : 광문고교사거리(아이파크)
779,1084,1084 : 윤선생빌딩(JYP사옥)
780,1085,1085 : 래미안 솔베뉴(고덕로)
781,1086,1086 : 래미안 솔베뉴(구천면로)
782,1088,1088 : 풍납사거리(강동)
783,1089,1089 : 고덕 래미안힐스테이트(201동)
784,1090,1090 : 상일동역 2번출구 앞
785,1101,1101 : 개화동상사마을종점 버스정류장
786,1102,1102 : 방화사거리 마을버스 버스정류장
787,1103,1103 : 방화역 4번출구앞
788,1105,1105 : 방화근린공원
789,1106,1106 : 신방화사거리
790,1108,1108 : 공항시장역 2번출구 뒤
791,1109,1109 : 공항시장역 4번출구
792,1110,1110 : 공항중학교앞
793,1111,1111 : 마곡엠밸리6_7단지 마곡중학교
794,1112,1112 : 마곡엠밸리4단지 정문
795,1113,1113 : 서남환경공원 버스정류장
796,1115,1115 : 등촌역 1번출구옆
797,1117,1117 : 스타벅스앞
798,1118,1118 : 증미역 3번출구뒤(등촌두산위브센티움오피스텔)
799,1119,1119 : 염창동 한마음아파트앞(염창동 빛나는 음악학원앞)
800,1120,1120 : 대림경동아파트앞
801,1121,1121 : 가양레포츠센터앞
802,1122,1122 : 황금내근린공원
803,1124,1124 : 발산역 6번 출구 뒤
804,1125,1125 : 명덕고교입구(영종빌딩)
805,1126,1126 : 우장산역 1번출구옆(우장산아이파크105동앞)
806,1127,1127 : 화곡역(에이스정형외과앞) 버스정류장
807,1128,1128 : 화곡역 6번출구
808,1129,1129 : 화곡역 1번 출구 앞
809,1130,1130 : 화곡본동시장 버스정류장
810,1131,1131 : 꿈돌이공원 앞
811,1132,1132 : 등촌역 7번출구
812,1135,1135 : 강서구의회
813,1136,1136 : 등촌2파출소
814,1137,1137 : 등촌2동주민센터
815,1139,1139 : 용문사 버스정류장
816,1140,1140 : 목동사거리 버스정류장
817,1141,1141 : 곰달래 문화복지센터 1-1
818,1145,1145 : 곰달래 문화복지센터 1-2
819,1146,1146 : 곰달래사거리
820,1148,1148 : 볏골공원
821,1149,1149 : 신방화역환승주차장
822,1150,1150 : 송정역 1번출구
823,1151,1151 : 마곡역1번출구
824,1152,1152 : 마곡역교차로
825,1153,"1153 : 발산역 1번, 9번 인근 대여소"
826,1155,1155 : 기쁜우리복지관
827,1157,1157 : 강서구청
828,1158,1158 : 가양역 8번출구
829,1159,1159 : 서서울모터리움앞
830,1160,1160 : 양천향교역 7번출구앞
831,1161,1161 : 강서면허시험장앞
832,1162,1162 : 공항초등학교건너편
833,1163,1163 : 방화동강서기동대앞
834,1165,1165 : 마곡중학교 후문
835,1166,1166 : 강서구립등빛도서관
836,1167,1167 : 마곡수명산파크3단지 교차로
837,1168,1168 : 마곡엠밸리10단지 앞
838,1169,1169 : 염창역 1번 출구
839,1170,1170 : 강서구보건소 (삼성디지털 프라자)
840,1171,1171 : 염창동 새마을금고 건너편 (모닝글로리)
841,1172,1172 : 가양3동 주민센터
842,1173,1173 : 강서구청사거리(SH타워)
843,1174,1174 : 강서구청사거리(부민병원)
844,1175,1175 : 대한항공 인력개발센터
845,1177,1177 : 수명중?고교
846,1178,1178 : 개화산역 2번 출구
847,1180,1180 : 마곡엠밸리 15단지(1502동) 건너편
848,1181,1181 : 농수산식품공사 (강서지사)
849,1182,1182 : KBS 스포츠월드
850,1183,1183 : KC 대학교
851,1184,1184 : 마곡13단지
852,1185,1185 : 등촌9단지
853,1186,1186 : 송정중학교
854,1187,1187 : 강서수산물도매시장
855,1188,1188 : 롯데중앙연구소
856,1190,1190 : 마곡역 교차로(2번출구)
857,1191,1191 : 마곡역 교차로(NH농협)
858,1192,1192 : 마곡수명산파크 209동 건너편
859,1193,1193 : 마곡센트럴타워 1차
860,1194,1194 : 센서텍㈜
861,1195,1195 : 코오롱One&Only타워
862,1196,1196 : 서울식물원(문화센터) 건너편
863,1197,1197 : 엠펠리체 호텔 건너편
864,1198,1198 : LG 사이언스파크
865,1199,1199 : 우장산역 3번출구
866,1200,1200 : 개화광역환승센터
867,1201,1201 : 가락시장역 3번 출구
868,1203,1203 : 밀리아나2빌딩 앞
869,1204,1204 : 거여역 3번출구
870,1205,1205 : 종합운동장역 4번출구
871,1206,1206 : 9호선종합운동장역 9번출구
872,1207,1207 : 마천CU우방점 앞
873,1208,1208 : 풍납현대아파트쉼터
874,1209,1209 : 잠실나루역 (2번 출구 쪽)
875,1210,1210 : 롯데월드타워(잠실역2번출구 쪽)
876,1211,1211 : 방이삼거리
877,1212,1212 : 송파역 2번 출구앞
878,1213,1213 : 백토공원 앞
879,1214,1214 : 오금역 7번 출구 인근
880,1215,1215 : 올림픽공원역 1번출구 앞
881,1217,1217 : 송파파인타운 7단지
882,1218,1218 : 방이역 4번출구
883,1220,1220 : 잠실본동주민센터뒤 잠실근린공원
884,1221,1221 : 삼전사거리 포스코더샵
885,1222,1222 : 잠실새내역 5번 출구 뒤
886,1224,1224 : 아시아지하보도 2번 출구
887,1226,1226 : 잠실4동 주민센터 옆
888,1227,1227 : 거여역 8번출구 뒤
889,1228,1228 : 마천사거리
890,1229,1229 : 송파체육문화회관 앞
891,1230,1230 : 송파중학교 정문
892,1231,1231 : 잠실역 6번출구
893,1232,1232 : 롯데마트 주차장 옆
894,1233,1233 : 잠실3거리(갤러리아팰리스)
895,1235,1235 : 잠실트리지움310동 옆
896,1239,1239 : 문정 법조단지3
897,1240,1240 : 문정 법조단지4
898,1241,1241 : 문정 법조단지5
899,1242,1242 : 문정 법조단지6
900,1243,1243 : 문정 법조단지7
901,1244,1244 : 문정 법조단지8
902,1245,1245 : 문정 법조단지9
903,1246,1246 : 문정 법조단지10
904,1247,1247 : 문정 법조단지11
905,1248,1248 : 방이초등학교
906,1249,1249 : 아주중학교건너편
907,1250,1250 : 문정2동 주민센터
908,1251,1251 : 석촌역 2번출구
909,1253,1253 : 오금역 3번 출구 뒤
910,1256,1256 : 문정현대아파트 교차로
911,1257,1257 : 가락시장역 롯데마트앞
912,1258,1258 : 가락미륭아파트 앞
913,1259,1259 : 방이역 1번출구
914,1260,1260 : 방이동 한양3차아파트 옆
915,1262,1262 : 송파여성문화회관 앞
916,1263,1263 : 장지공영차고지
917,1264,1264 : 천호역 10번 출구 앞
918,1265,1265 : 문정동 근린공원
919,1266,1266 : 문정동 글샘 공원
920,1267,1267 : 올림픽공원 남2문 앞
921,1268,1268 : 몽촌토성역 1번출구 옆
922,1269,1269 : 리센츠아파트
923,1271,1271 : 송파도서관
924,1274,1274 : 영파여고 앞
925,1275,1275 : 거여초등학교 옆
926,1277,1277 : 오금동 송파 참병원
927,1278,1278 : 송파구청 교차로
928,1279,1279 : 마천금호어울림 1차아파트 건너편
929,1280,1280 : 송파파크데일 2단지입구 앞 주차장
930,1282,1282 : 송파소방서 맞은편(성내4교)
931,1283,1283 : 오금공원 사거리
932,1285,1285 : 위례별 유치원 뒤
933,1286,1286 : 위례중앙푸르지오 1단지 앞
934,1287,1287 : 위례아이파크 101동 맞은편
935,1288,1288 : 문정중교 사거리
936,1289,1289 : 풍납동 자전거보관소
937,1290,1290 : 위례송파꿈에그린아파트24단지 앞 성벽 다리 밑
938,1291,1291 : 서울체육고등학교 앞
939,1293,1293 : 석촌호교차로 (스타벅스 앞)
940,1295,1295 : 잠실역 8번출구
941,1296,1296 : 석촌호수교차로 (송파나루근린공원 앞)
942,1297,1297 : 석촌호수교차로(동호 팔각정 앞)
943,1299,1299 : 송파소방서 (방이119안전센터)
944,1300,1300 : 오륜사거리
945,1302,1302 : 한성대입구역6번출구 뒤
946,1303,1303 : 돈암초교 입구
947,1304,1304 : 만해공원
948,1305,1305 : 성북구청
949,1306,1306 : 한성대입구역2번출구
950,1308,1308 : 안암로터리 버스정류장 앞
951,1314,1314 : 정릉꿈에그린1단지 201동 앞
952,1315,1315 : 고려사대부속중고 정문
953,1316,1316 : 고려사대부속중고 건너편
954,1318,1318 : 길음역 3번출구 뒤
955,1319,1319 : 종암사거리 분수대
956,1321,1321 : 국민은행 종암동지점 앞
957,1322,1322 : 래미안라센트아파트 103동 앞
958,1323,1323 : 월곡역 입구 육교 밑
959,1325,1325 : 상월곡역 4번출구
960,1326,1326 : 상월곡역 1번출구
961,1327,1327 : 상월곡역 3번출구
962,1328,1328 : 월곡역 3번출구
963,1332,1332 : 석계역 5번출구 건너편
964,1333,1333 : 석관초등학교 앞
965,1334,1334 : 석관동주민센터 앞
966,1336,1336 : 성북3교 위
967,1337,1337 : 돈암성당 옆
968,1338,1338 : 용문2교 옆
969,1339,1339 : 삼성전자서비스 성북센터
970,1340,1340 : 광운초등학교 앞
971,1342,1342 : 성북쉼터 앞
972,1343,1343 : 한성대7번출구 앞
973,1344,1344 : 아리랑시네센터 앞
974,1346,1346 : 길음8골어린이공원 옆
975,1347,1347 : 길음래미안아파트817동 상가 앞
976,1348,1348 : 성북제일새마을금고 본점 앞
977,1349,1349 : 월계2교 버스정류장 앞
978,1351,1351 : 안암2교 옆
979,1352,1352 : e 편한세상 보문아파트 내
980,1353,1353 : 금호어울림센터힐 내
981,1354,1354 : 고려대학교 2번출구
982,1355,1355 : 보문2교
983,1357,1357 : 북한산보국문역
984,1358,1358 : 정릉도서관 앞
985,1359,1359 : 장위뉴타운 꿈에 숲 코오롱 하늘채 앞
986,1360,1360 : 정릉역
987,1361,1361 : 홍익중고 입구
988,1362,1362 : 보문역6번출구 앞
989,1363,1363 : 보문4교 인근
990,1364,1364 : 성북동 치안센터 앞
991,1365,1365 : 선잠단지 앞
992,1366,1366 : 일신초등학교 옆
993,1367,1367 : 길음문화복합미디어센터
994,1368,1368 : 성신여대입구 교차로
995,1369,1369 : 미아사거리
996,1370,1370 : 복자사랑 피정의 집
997,1372,1372 : KEB은행 고대점
998,1373,1373 : 성북구보건소 건너편
999,1375,1375 : 생명의 전화 종합복지관 앞 교차로
1000,1376,1376 : 한국과학기술연구원 중문
1001,1377,1377 : 한국과학기술연구원 북문
1002,1379,1379 : 길음뉴타운푸르지오아파트 3단지
1003,1380,1380 : 월곡역 5번출구 앞
1004,1381,1381 : 석계역 4번출구 뒤
1005,1382,1382 : 래미안월곡아파트 입구
1006,1384,1384 : 성신여대입구역 5번출구
1007,1385,1385 : 성신여대입구역 3번출구 앞
1008,1386,1386 : 동선고가차도 초입
1009,1388,1388 : 커핀그루나루
1010,1390,1390 : 석관래미안아트리치
1011,1391,1391 : 성북청소년센터
1012,1392,1392 : 돈암삼성풍림아파트
1013,1393,1393 : 돈암육교 하단
1014,1394,1394 : 길음뉴타운 래미안9단지
1015,1395,1395 : 레미안장위포레카운티(102동)
1016,1396,1396 : 레미안장위퍼스트하이(513동)
1017,1401,1401 : 극동늘푸른아파트
1018,1402,1402 : 금란주차장 앞
1019,1403,1403 : 중화빌딩 앞 (동부시장)
1020,1404,1404 : 동일로 지하차도
1021,1405,1405 : 망우역 1번출구
1022,1406,1406 : 망우청소년수련관
1023,1407,1407 : 먹골역 1번출구 뒤
1024,1408,1408 : 먹골역 6번출구 앞
1025,1410,1410 : 면목 대원칸타빌아파트
1026,1411,1411 : 상봉시장앞 교차로 한성빌딩 앞
1027,1412,1412 : 면목초등학교
1028,1413,1413 : 봉화산역 5번출구 뒤
1029,1414,1414 : 사가정역 1번출구
1030,1416,1416 : 상봉역 3번출구
1031,1418,1418 : 새솔초등학교
1032,1420,1420 : 신내어울공원 앞
1033,1421,1421 : 신내역 4번출구
1034,1422,1422 : 신내우디안아파트 1단지
1035,1424,1424 : 양원역 2번출구
1036,1425,1425 : 용마문화복지센터
1037,1426,1426 : 면목도시개발아파트 1동 앞
1038,1427,1427 : 용마산역 1번출구
1039,1428,1428 : 원묵고등학교
1040,1429,1429 : 장안중학교
1041,1430,1430 : 중랑구청
1042,1431,1431 : 중랑구청 사거리
1043,1433,1433 : 중화역 2번출구
1044,1435,1435 : 능산삼거리
1045,1436,1436 : 영풍마드레빌
1046,1437,1437 : 늘푸른공원 앞
1047,1438,1438 : 홈플러스 신내점 앞
1048,1440,1440 : 하나은행 면목지점
1049,1441,1441 : 신내능말공원
1050,1442,1442 : (구)신한은행 중랑교지점
1051,1444,1444 : 면목4치안센터
1052,1445,1445 : 용마지구대
1053,1446,1446 : 중랑전화국 교차로
1054,1447,1447 : 면목역 3번출구
1055,1448,1448 : 코스트코 상봉점
1056,1449,1449 : 상봉역 1번출구
1057,1450,1450 : 화랑대역 7번출구
1058,1451,1451 : 중랑세무서
1059,1452,1452 : 겸재교 진입부
1060,1453,1453 : 중랑캠핑숲
1061,1454,1454 : 한국전력공사(동대문 중랑지사)
1062,1455,1455 : 상봉역 2번 출구
1063,1456,1456 : 상아빌딩(우림시장 교차로)
1064,1457,1457 : 동원사거리
1065,1458,1458 : 상봉터미널2
1066,1459,1459 : 용마한신아파트사거리
1067,1461,1461 : 동양엔파트 앞
1068,1462,1462 : 동부시장 북문 앞
1069,1463,1463 : 중랑구민회관
1070,1464,1464 : 중화역 4번출구
1071,1465,1465 : 중랑공영차고지 옆
1072,1466,1466 : 두산대림아파트 삼거리
1073,1467,1467 : sk신내 주유소앞(용마산로)
1074,1468,1468 : 먹골역 7번 출구
1075,1469,1469 : 먹골역 4번출구
1076,1470,1470 : 중화동 우리은행 앞
1077,1471,1471 : 동양쇼핑 정류소 앞
1078,1472,1472 : 영성빌딩(PAT)
1079,1473,1473 : 중랑역 1번 출구(중화문화복지센터)
1080,1474,1474 : 서울중랑우체국
1081,1477,1477 : 면목삼익아파트 앞
1082,1478,1478 : 홈플러스 상봉점 앞
1083,1479,1479 : 면목 홈플러스 2 
1084,1480,1480 :  용마지구대 옆
1085,1501,"1501 : 미아역 3번,4번 출구 사이"
1086,1503,1503 : 이디야 커피 수유역점 앞
1087,1504,1504 : 다이소 삼양시장점
1088,1506,1506 : 강북문화예술회관
1089,1509,1509 : 서울북부수도사업소
1090,1510,1510 : 번동주공5단지 관리사무소 앞
1091,1511,1511 : 번동 금호어울림아파트102동앞
1092,1512,1512 : 강북중학교 앞
1093,1513,1513 : 강북구청 뒷편
1094,1514,1514 : 강북구청 사거리 버스정류소 앞
1095,1515,1515 : 송천동 주민센터
1096,1516,1516 : 우이초등학교 후문 옆
1097,1518,1518 : SK telecom(수유직영점) 앞
1098,1519,1519 : 세븐일레븐 수유장미원점 앞
1099,1520,1520 : 성실교회
1100,1522,1522 : 월드전기조명인테리어(우이동)
1101,1525,1525 : 미아동 복합청사
1102,1526,1526 : 수유동 채선당앞
1103,1527,1527 : 미아역 1번 출구 뒤
1104,1528,1528 : 삼각산동 주민센터
1105,1529,1529 : 미아동 한국전력공사
1106,1530,1530 : 광산사거리
1107,1531,1531 : 미아사거리 1번 출구
1108,1532,1532 : 번3동 주민센터 교차로
1109,1533,"1533 : 번동 주공3, 4단지 교차로"
1110,1535,1535 : 효성인텔리안 앞
1111,1536,1536 : 번동 두산위브 101동 옆
1112,1537,1537 : 북한산 우이역
1113,1538,1538 : 솔밭공원역
1114,1539,1539 : 4.19민주묘지역
1115,1540,1540 : 가오리역
1116,1541,1541 : 삼양역
1117,1542,1542 : 삼양사거리역
1118,1543,1543 : 수유1동 주민센터
1119,1546,1546 : 송천동우체국
1120,1547,1547 : 꿈의숲 롯데캐슬
1121,1548,1548 : 북서울 꿈의숲 서문
1122,1550,1550 : 삼각산아이원아파트(105동 옆)
1123,1551,1551 : 4.19탑 앞
1124,1552,1552 : 강북구청사거리(던킨도너츠 앞)
1125,1553,1553 : 예수그리스도후기성도교회 앞
1126,1554,1554 : 번동사거리
1127,1557,1557 : 신창교
1128,1558,1558 : 강북문화정보도서관
1129,1560,1560 : 도봉세무서 앞
1130,1564,1564 : 4.19민주묘지역 1번출구
1131,1565,1565 : 대한병원앞
1132,1568,1568 : 4.19민주묘지 입구사거리
1133,1569,1569 : 수유역2번출구
1134,1571,1571 : 북서울 꿈의숲 입구
1135,1572,1572 : 우이산 입구
1136,1573,1573 : 현대성우아파트 옆
1137,1574,1574 : 송중초등학교 옆
1138,1601,1601 : 석계역 문화광장 내 자전거 보관소
1139,1602,1602 : 광운대역 앞
1140,1605,1605 : 헬스케어
1141,1606,1606 : 태릉입구역 3번출구
1142,1608,1608 : 공릉역 1번 출구 앞
1143,1610,1610 : 화랑대역 2번출구 앞
1144,1611,1611 : 과기대 입구(우)
1145,1616,1616 : 하계2동 공항버스정류장 옆
1146,1617,1617 : 하계동 중평어린이공원 앞
1147,1619,1619 : 중계동 하나프라자빌딩 앞(중1-1)
1148,1620,1620 : 중계동 노원구민체육센터 옆(중1-2)
1149,1625,1625 : 상계역(4번출구)
1150,1627,1627 : 수락산역 4번출구
1151,1628,1628 : 노일초등학교 앞
1152,1630,1630 : 수연빌딩 앞
1153,1634,1634 : 당고개공원 대여소
1154,1635,1635 : 상계3.4동 주민센터 대여소
1155,1636,1636 : 백병원 사거리 농협은행 앞
1156,1637,1637 : KT 노원점 건물 앞
1157,1639,1639 : 희성오피앙
1158,1640,1640 : 한내근린공원 북측
1159,1641,1641 : 한내근린공원 남측
1160,1642,1642 : 서울여대 남문
1161,1643,1643 : 태릉입구역 8번출구
1162,1646,1646 : 삼육대 입구
1163,1650,1650 : 중계근린공원내
1164,1651,1651 : 맥도날드 상계점 앞
1165,1652,1652 : 파르코 앞
1166,1653,1653 : 노원역1번출구
1167,1654,1654 : 당고개입구 오거리
1168,1655,1655 : 공릉1단지아파트
1169,1656,1656 : 중앙하이츠 아파트 입구
1170,1657,1657 : 노원구청
1171,1659,1659 : 중계동 을지중학교
1172,1660,1660 : 서울시립과학관
1173,1661,1661 : 당현천근린공원
1174,1662,1662 : 노원역7번출구
1175,1663,1663 : 동해문화예술관앞
1176,1664,1664 : 노해근린공원내
1177,1665,1665 : 양지근린공원앞
1178,1666,1666 : 노원소방서인근
1179,1667,1667 : 중계중학교
1180,1668,1668 : 중계역 6번출구
1181,1669,1669 : 중계역 3번출구
1182,1670,1670 : 노원경찰서교차로
1183,1671,1671 : 인덕대학교
1184,1672,1672 : 상계동수락리버시티
1185,1673,1673 : 노원역 5번출구
1186,1674,1674 : 서울북부고용센터앞
1187,1675,1675 : 월계문화체육센터
1188,1677,1677 : 육군사관학교 앞
1189,1678,1678 : 성서대학교 밀알관
1190,1679,1679 : 삼육대 도서관
1191,1680,1680 : 삼육대 제3과학관
1192,1681,1681 : 현대6차 아파트
1193,1682,1682 : 중계종합사회복지관 교차로
1194,1683,1683 : 노원문화예술회관
1195,1684,1684 : 태릉입구역 5번출구
1196,1685,1685 : 불암고등학교 앞 횡단보도
1197,1686,1686 : 온수골사거리(스타벅스앞)
1198,1688,1688 : 마들역 7번출구
1199,1689,1689 : 마들역 3번출구
1200,1690,1690 : 도봉운전면허시험장
1201,1691,1691 : 노원정보도서관
1202,1692,1692 : 온곡초교 교차로
1203,1693,1693 : 원자력 병원
1204,1696,1696 : 수락리버시티4단지
1205,1697,1697 : 상계주공2단지 219동
1206,1702,1702 : 녹천역 1번출구 앞
1207,1703,1703 : 도봉산광역환승센터앞
1208,1705,1705 : 도봉구청 정문앞
1209,1706,1706 : 기업은행 앞
1210,1707,1707 : 도봉구민회관
1211,1708,1708 : 보건소사거리(다비치안경창동점)
1212,1709,1709 : 쌍문역4번출구 주변
1213,1713,1713 : 쌍문동 이안아파트 앞
1214,1714,1714 : 도봉문화정보도서관 삼거리
1215,1715,1715 : 서울특별시교육청도봉도서관
1216,1716,1716 : 하나로마트 창동점
1217,1717,1717 : 시립창동운동장 입구
1218,1719,1719 : 신도봉사거리 버스정류장
1219,1720,1720 : 도봉구청 옆(중랑천변)
1220,1721,1721 : 창동역 2번출구
1221,1722,1722 : 창동청소년수련관
1222,1723,1723 : 방학동학마을도서관
1223,1725,1725 : 창1동주민센터
1224,1726,1726 : 삼익세라믹아파트교차로
1225,1727,1727 : 서울도봉초등학교인근
1226,1728,1728 : 서울북부지방법원
1227,1729,1729 : 파리바게트앞
1228,1730,1730 : 도봉산역 교차로 앞
1229,1731,1731 : 도봉고등학교 맞은편
1230,1732,1732 : 우리은행 앞
1231,1733,1733 : 방학사거리 (봄마당 앞)
1232,1734,1734 : 쌍문현대1차아파트 108동 앞
1233,1735,"1735 : 도봉역 1,2번 출구사이 건너편"
1234,1736,1736 : 버스정류장 앞
1235,1737,1737 : 하나은행 (창동점)
1236,1738,1738 : 창동주공17단지 상가앞
1237,1741,1741 : 제일강산수산입구
1238,1742,1742 : 북한산 코오롱 하늘채
1239,1743,1743 : 창동19단지아파트 관리사무소앞
1240,1744,1744 : KT방학지사 앞
1241,1746,1746 :  다이소방학점 앞
1242,1748,1748 :  피자헛 앞(도봉병원 옆)
1243,1749,1749 :  ESA아파트 상가 앞
1244,1750,1750 :  창포원 남쪽 입구
1245,1751,1751 :  창원초등학교 교차로
1246,1752,1752 :  창동 주공 4단지 입구 옆
1247,1754,1754 :  창동시장입구 사거리
1248,1756,1756 : 서울북부광역등기국
1249,1757,1757 : 솔밭공원역 1번출구 앞
1250,1758,1758 : 북서울교회 버스정류소 앞
1251,1759,1759 : 서울북부지방법원 앞
1252,1761,1761 : 방학중학교 앞
1253,1762,1762 : 북한산 한신휴플러스APT앞
1254,1765,1765 : 쌍문역 1번 출구(양산부인과 빌딩)
1255,1767,1767 : 태양중앙교회 앞
1256,1768,1768 : 신동아타워 버스정류소
1257,1770,1770 : 도봉한신아파트 주변
1258,1771,1771 : 성원APT버스정류소
1259,1772,1772 : 시립도봉노인복지관 버스정류소
1260,1774,1774 : 반석교회(쌍문동)
1261,1775,1775 : 신원리베르텔 앞
1262,1804,1804 : 독산역 2번출구 자전거주차장
1263,1805,1805 : 서울디지털운동장 앞
1264,1806,1806 : 에이스하이엔드타워9차 앞
1265,1808,1808 : 에이스하이엔드타워8차 앞
1266,1809,1809 : LG전자 별관동(호서대 벤처타워 맞은편)
1267,1812,1812 : 갑을그레이트밸리 앞
1268,1814,1814 : 두산위브아파트 옆 상가건물 앞
1269,1816,1816 : 금천폭포공원 앞
1270,1819,1819 : 금천구청 앞 자전거거치대
1271,1820,1820 : 신한은행 시흥대로금융센터지점
1272,1821,1821 : 홈플러스 시흥점 맞은편 다비치안경 앞
1273,1822,1822 : 서울 시흥동우체국 앞
1274,1823,1823 : 상신정비공업 앞
1275,1824,1824 : 독산근린공원 입구
1276,1825,1825 : 한신아파트 앞 육교 아래
1277,1826,1826 : 한신코아 앞
1278,1827,1827 : 독산보도육교 앞 자전거 보관소
1279,1828,1828 : 한양수자인아파트 앞
1280,1829,1829 : 홈플러스 금천점 앞
1281,1830,1830 : 빅마켓 금천점 앞
1282,1831,1831 : 메이퀸웨딩컨벤션 앞
1283,1833,1833 : 독산역 1번출구 앞 자전거보관소
1284,1834,1834 : 월드메르디앙 벤처센터 2차
1285,1835,1835 : STX V타워
1286,1836,1836 : 금천구립 독산도서관
1287,1839,1839 : 수출의 다리 아래
1288,1840,1840 : 솔브레인이엔지 뒤편
1289,1841,1841 : 가산동 주민센터
1290,1842,1842 : 한울중학교
1291,1843,1843 : 독산고등학교
1292,1845,1845 : 롯데캐슬골드파크1차 서문
1293,1846,1846 : 롯데캐슬골드파크1차 동문
1294,1847,1847 : 독산주공 14단지 버스정류소
1295,1848,1848 : 벽산 디지털밸리 5차
1296,1849,1849 : 대륭포스트타워5차
1297,1850,1850 : 코오롱테크노밸리
1298,1851,1851 : 가산디지털단지 7번출구
1299,1852,1852 : 혜명양로원 담장 옆
1300,1853,1853 : 서울디자인직업전문학교 앞
1301,1854,1854 : 가산아네스트 오피스텔 앞
1302,1855,1855 : 성지아파트 옆 도로변
1303,1856,1856 : 모두의학교
1304,1857,1857 : 주공14단지
1305,1858,1858 : 석수역1번출구 앞 (SK주유소)
1306,1859,1859 : 대륭테크노타운 18차
1307,1861,1861 : IBK기업은행 석수역 지점 앞
1308,1862,1862 : 스타즈호텔독산 빌딩 앞
1309,1863,1863 : 위너스 스포츠클럽 골프연습장옆
1310,1864,1864 : 산호시티빌 옆
1311,1865,1865 : 금천구청앞(M빌딩)
1312,1866,1866 : 서울안천초등학교 옆
1313,1867,1867 : 대륭포스트타워6차 앞
1314,1868,1868 : 우리은행 시흥남자동화점 앞
1315,1869,1869 : 롯데캐슬골드파크3차 301동 앞
1316,1870,1870 : 독산3동주민센터 앞
1317,1901,1901 : 신도림동주민센터 앞
1318,1904,1904 : 도림천역 1번 출구 앞
1319,1906,1906 : 신도림역 1번 출구 앞
1320,1907,1907 : 구일우성(아) 육교 밑
1321,1908,1908 : 해원리바파크 육교 밑
1322,1910,1910 : 낙원교회 맞은편
1323,1911,1911 : 구로디지털단지역 앞
1324,1912,1912 : 한신휴아파트 앞
1325,1913,1913 : 구로리공원
1326,1914,1914 : 대림역4번출구
1327,1916,1916 : 구로중학교앞
1328,1920,1920 : 서울미래초등학교 사거리
1329,1924,1924 : 삼부르네상스파크빌
1330,1925,1925 : 동양미래대학교 정문 옆
1331,1928,1928 : 고척스카이돔구장 광장
1332,1929,1929 : 고척근린공원 고척도서관 앞
1333,1930,1930 : 개봉지구대 개봉치안센터
1334,1931,1931 : 개봉역(북측광장)
1335,1933,1933 : 개봉푸르지오아파트 상가
1336,1936,1936 : 개봉역 1번 출구 자전거보관서쪽
1337,1937,1937 : 한진아파트 입구
1338,1941,1941 : 오류동역 2번출구
1339,1943,1943 : 온수역 북측
1340,1946,1946 : 구로역 광장
1341,1951,1951 : 천왕이펜하우스 4단지 상가 앞
1342,1952,1952 : 천왕연지타운2단지 앞
1343,1953,1953 : 천왕역 4번출구 뒤
1344,1955,1955 : 디지털입구 교차로
1345,1956,1956 : 도야미리숯불갈비 앞
1346,1957,1957 : 구일고등학교 정문
1347,1958,1958 : 강서수도사업소민원센터
1348,1959,1959 : 구로구의회 앞
1349,1960,1960 : 화광신문사 앞
1350,1961,1961 : 신도림테크노근린공원
1351,1962,1962 : 가리봉동주민센터
1352,1964,1964 : 원메디타운 앞
1353,1965,1965 : 삼환로즈빌아파트 105동 옆
1354,1966,1966 : 한마을아파트 정문상가
1355,1967,1967 : 참새공원(백곡경노당)
1356,1968,1968 : 동인오피스텔 건너편 소공원
1357,1969,1969 : 궁동생태공원
1358,1971,1971 : 오정초교 앞 보도육교
1359,1973,1973 : 오리로와 서해안도로 교차로 앞
1360,1974,1974 : 신도림2차e편한세상아파트 203동 앞
1361,1975,1975 : 대림역 1번 출입구 밑
1362,1976,1976 : 남구로역 5번 출입구 앞
1363,1977,1977 : 천왕역 1번 출입구 앞
1364,1979,1979 : 구로1동우체국 앞
1365,1981,1981 : 천왕이펜하우스5단지 앞
1366,1983,1983 : 구로동롯데아파트
1367,1984,1984 : 구로구청
1368,1985,1985 : 구로도서관
1369,1986,1986 : 태평양물산빌딩
1370,1987,1987 : 개봉아이파크아파트 앞
1371,1988,1988 : 고척LIGA아파트 앞
1372,1991,1991 : 오류동역 맞은편
1373,1992,1992 : 구로구배드민턴실내체육관 앞
1374,1993,1993 : 금강수목원아파트 앞
1375,1994,1994 : 삼성전자 물류센터 앞
1376,1996,1996 : 구일역 1번 출입구 앞
1377,1998,1998 : 고척교 교차로
1378,1999,1999 : 수궁동 성당 주변
1379,2000,2000 : 신도림4차 e편한세상 아파트 1109동 앞
1380,2002,2002 : 노들역 1번출구
1381,2003,2003 : 사육신공원앞
1382,2007,2007 : 유한양행앞
1383,2008,2008 : 노량진근린공원 대방공원
1384,2009,2009 : 보라매역 8번출구
1385,2012,2012 : 녹십초요양병원앞
1386,2013,2013 : 장승배기역 5번출구
1387,2015,2015 : 신대방삼거리역 6번출구쪽
1388,2016,2016 : 신대방삼거리역 3번출구쪽
1389,2020,2020 : 장승배기역2번출구뒷편쪽
1390,2024,2024 : 상도역 1번출구
1391,2025,2025 : 흑석역 1번출구
1392,2026,2026 : 흑석역 4번출구
1393,2027,2027 : 중앙대학교 정문 1
1394,2032,2032 : 이수역 11번출구쪽
1395,2033,2033 : 사당동 아르테스 웨딩앞
1396,2034,2034 : 사당역 7번출구쪽
1397,2036,2036 : 정금마을 마을버스정류장
1398,2037,2037 : 동작역 5번출구 동작주차공원
1399,2038,2038 : 동작역 7번출구
1400,2040,2040 : 비계 버스정류소
1401,2041,2041 : 사당중학교 버스정류소
1402,2048,2048 : 삼일초등학교 인근
1403,2050,2050 : 노량진역 5번출구
1404,2054,2054 : 삼익아파트
1405,2056,2056 : 동작구민 체육센터
1406,2057,2057 : 상도 아이파크 아파트
1407,2058,2058 : 노량진동 맥도널드앞
1408,2059,2059 : 보라매공원 정문
1409,2060,2060 : 남성역3번출구 뒤
1410,2061,2061 : 한강 현대아파트 건너편
1411,2062,2062 : 사당새마을금고
1412,2063,2063 : 대방역 4번출구
1413,2064,2064 : 흑석한강푸르지오 106동앞
1414,2065,2065 : 서울시여성가족재단
1415,2066,2066 : 양문교회 앞
1416,2067,2067 : LG전자 베스트? 대리점 앞
1417,2068,2068 : 총신대 앞(육교)
1418,2069,2069 : 숭실대 입구역3번 출구 앞
1419,2070,2070 : 노량진역 2번 출구 앞
1420,2071,2071 : 대림아파트 후문 상가 옆
1421,2076,2076 : 노들나루공원 입구
1422,2077,2077 : 노들역 3번출구
1423,2078,2078 : 흑석 아크로리버하임(103동)
1424,2079,2079 : 중앙대학교 정문
1425,2080,2080 : 빕스 대방점 앞
1426,2082,2082 : 7호선 이수역7번출구
1427,2083,2083 : 흑석롯데캐슬에듀포레(107동)
1428,2084,2084 : e편한세상 상도노빌리티 앞
1429,2085,2085 : 강남중학교 앞
1430,2086,2086 : 삼일수영장 앞
1431,2088,2088 : 상도중앙하이츠빌 입구
1432,2089,2089 : 사당역10번출구(금강빌딩)
1433,2090,2090 : 기아자동차 사당점 앞
1434,2091,2091 : 이수역9번출구(맥도날드)
1435,2092,2092 : 흑석한강푸르지오(110동)
1436,2093,2093 : 상도SH빌아파트 입구
1437,2094,2094 : 숭실대학교(중문) 
1438,2095,2095 : 경문고등학교 앞
1439,2096,2096 : 서울특별시 동작관악교육지원청
1440,2102,2102 : 봉림교 교통섬
1441,2103,2103 : 신림동 우방아파트
1442,2104,2104 : 사당역 5번출구
1443,2105,2105 : 미성동 신림체육센터
1444,2106,2106 : 난곡 새마을금고
1445,2107,2107 : 도림천 신화교
1446,2108,2108 : 은천치안센터
1447,2109,2109 : 은천로입구 가로공원
1448,2110,2110 : 조원동 미성아파트
1449,2111,2111 : 서울대입구역 1번출구
1450,2112,2112 : 서울대입구역 마에스트로
1451,2113,2113 : 관악동작견인차량보관소
1452,2115,2115 : 관악농협농산물백화점
1453,2116,2116 : 에이스에이존빌딩
1454,2119,2119 : 중앙동 동진빌딩
1455,2122,2122 : 낙성대로 입구
1456,2127,2127 : 보성운수차고지 맞은편
1457,2128,2128 : 관악구청교차로
1458,2129,2129 : 낙성대 과학전시관
1459,2130,2130 : 영어마을 관악캠프
1460,2135,2135 : 신림역 5번출구
1461,2136,2136 : 신림역 8번출구
1462,2137,2137 : KT&G 관악지점
1463,2139,2139 : 서울신성초등학교
1464,2140,2140 : 신림1교 교차로
1465,2141,2141 : 미림여고입구 교차로
1466,2143,2143 : 서울산업정보학교
1467,2144,2144 : 난우길입구
1468,2145,2145 : 은천초등학교 육교
1469,2148,2148 : 낙성대역 3번출구 뒤
1470,2156,2156 : 농협 관악문성지점
1471,2159,2159 : 인헌초교
1472,2164,2164 : 관악우체국
1473,2165,2165 : JK장평타워
1474,2167,2167 : 낙성대역 1번출구
1475,2169,2169 : 봉천역 2번출구
1476,2170,2170 : 조원동서울본병원
1477,2171,2171 : 서울대입구역 5번출구
1478,2172,2172 : 나들목공원
1479,2173,2173 : 당곡사거리
1480,2174,2174 : 삼성디지털프라자관악점
1481,2175,2175 : 신림동걷고싶은문화의거리입구
1482,2176,2176 : 보라매공원 보도육교
1483,2177,2177 : 신대방역 2번 출구
1484,2178,2178 : 서울대학교 정문
1485,2179,2179 : 양녕로 입구
1486,2183,2183 : 동방1교
1487,2184,2184 : 구암초등학교 버스정류장
1488,2185,2185 : 대학동 고시촌
1489,2186,2186 : 우리은행 낙성대역지점
1490,2187,2187 : 현대시장사거리(신한은행)
1491,2189,2189 : 삼성서비스센터(관악점) 
1492,2190,2190 : 도원맨션
1493,2191,2191 : 대학동주민센터 
1494,2195,2195 : 은천교회
1495,2196,2196 : 삼화페인트 봉천점
1496,2198,2198 : 사랑의병원
1497,2199,2199 : 신봉천주유소
1498,2201,2201 : 본마을 정류소 앞
1499,2202,2202 : 청계산입구역 1번출구
1500,2203,2203 : 청계산입구역 2번출구
1501,2205,2205 : 내곡3단지 어린이공원 앞
1502,2206,2206 : 언남초등학교 앞
1503,2207,2207 : 내곡파출소 뒤 정자
1504,2210,2210 : 반포1동 주민센터 앞
1505,2211,2211 : 서초구립반포도서관 앞
1506,2212,2212 : 서초현대4차아파트 201동 맞은편
1507,2213,2213 : 고속터미널역 5번출구 앞
1508,2214,2214 : 신반포역 2번출구 앞
1509,2215,2215 : 반포종합운동장 입구
1510,2217,2217 : 아크로리버뷰 부지 앞
1511,2219,"2219 : 고속터미널역 8-1번, 8-2번 출구 사이"
1512,2220,2220 : 반포본동 주민센터 앞
1513,2221,2221 : 하나은행 방배동지점 앞
1514,2222,2222 : 사당역 12번출구 뒤
1515,2223,2223 : 방배래미안 정문 앞
1516,2225,2225 : 백석예술대학교 제3캠퍼스 앞
1517,2226,2226 : 신동아럭스빌아파트 앞
1518,2227,2227 : 방배열린문화센터 앞
1519,2228,2228 : 뒷벌공원 옆
1520,2229,2229 : 로고스교회 맞은 편
1521,2230,2230 : 이수역 4번 출구
1522,2231,2231 : 삼성타운(삼성생명) A동 맞은편
1523,2233,2233 : 서초신동아1차아파트 옆
1524,2235,2235 : KT 서초지사 앞
1525,2237,2237 : 서울남부터미널 대합실 입구
1526,2239,2239 : 교대역 6번출구
1527,2241,2241 : 양재전화국 사거리
1528,2242,2242 : 양재역 11번 출구 앞
1529,2243,2243 : 서울가정법원
1530,2244,2244 : 교육개발원입구 교차로
1531,2245,2245 : 양재초등학교 맞은편
1532,2246,2246 : 서울시 품질시험소 앞
1533,2247,2247 : 섬들근린공원
1534,2248,2248 : 서초리슈빌S 글로벌 앞
1535,2249,2249 : 우솔초등학교 맞은편
1536,2250,2250 : 서초유치원 맞은편
1537,2251,2251 : 더케이호텔 입구(양재2)
1538,2252,2252 : 하이브랜드 앞
1539,2255,2255 : 시민의숲역 1번출구 옆
1540,2256,2256 : 양재동 꽃시장 입구
1541,2257,2257 : 하나로클럽 양재점 맞은편
1542,2258,2258 : 구룡사 삼거리
1543,2259,2259 : 잠원역 3번-4번 출구사이
1544,2262,2262 : 한신16차아파트 119동 앞
1545,2263,2263 : 바우뫼문화복지회관
1546,2264,2264 : 이수역 1번출구
1547,2265,2265 : 이수고가차도 남단
1548,2266,2266 : 서초역 3번출구
1549,2268,2268 : 서초4동주민센터
1550,2269,2269 : 주홍교 하부
1551,2270,2270 : 서초포레스타 7단지
1552,2271,2271 : 내방역 8번출구 앞
1553,2272,2272 : 교대입구 교차로
1554,2273,2273 : 일동제약 사거리
1555,2274,2274 : 양재시민의숲역 3번출구
1556,2275,2275 : 염곡치안센터 건너편
1557,2276,2276 : 영동1교 (양재천근린공원)
1558,2277,2277 : 길마중4교 하부
1559,2279,2279 : 교대역 5번출구뒤
1560,2280,2280 : 서울서초고용센터앞
1561,2281,2281 : 연세사랑병원신관앞
1562,2282,2282 : 방배래미안아트힐 101동앞
1563,2283,2283 : 그룹한빌딩옆
1564,2284,2284 : CJ오쇼핑앞
1565,2285,2285 : LH서초3단지 301동 맞은편
1566,2286,2286 : 탑성마을입구
1567,2287,2287 : 능안마을입구
1568,2288,2288 : 안골마을입구
1569,2289,2289 : 남태령역 2번출구
1570,2293,2293 : SPC 앞
1571,2294,2294 : 두상빌딩 앞
1572,2297,2297 : 남부터미널역 1번출구
1573,2298,2298 : 래미안서초스위트앞
1574,2299,2299 : 한전아트센터 앞
1575,2301,2301 : 현대고등학교 건너편
1576,2302,2302 : 교보타워 버스정류장(신논현역 3번출구 후면)
1577,2303,2303 : 논현역 7번출구
1578,2304,2304 : 신영 ROYAL PALACE 앞
1579,2305,2305 : MCM 본사 직영점 앞
1580,2306,2306 : 압구정역 2번 출구 옆
1581,2307,2307 : 압구정 한양 3차 아파트
1582,2308,2308 : 압구정파출소 앞
1583,2309,2309 : 청담역(우리들병원 앞)
1584,2310,2310 : 청담동 맥도날드 옆(위치)
1585,2311,2311 : 학동로 래미안 아파트 앞
1586,2312,2312 : 청담역 13번 출구 앞
1587,2313,2313 : 금원빌딩 앞
1588,2314,2314 : 청담나들목입구
1589,2315,2315 : 봉은사역 5번출구 옆
1590,2316,2316 : 삼성역 8번출구
1591,2317,2317 : 삼성도로공원
1592,2318,2318 : 삼성중앙역4번출구(문화센터더 리빌)
1593,2319,2319 : 포스코사거리 서측(수협 삼성동 지점)
1594,2320,2320 : 도곡역 대치지구대 방향
1595,2321,2321 : 학여울역 사거리
1596,2322,2322 : 삼성역 3번 출구
1597,2323,2323 : 주식회사 오뚜기 정문 앞
1598,2324,2324 : 천주교 대치 2동 교회 옆
1599,2325,2325 : 대치동 버거킹대치점
1600,2326,2326 : 대치동 삼성로
1601,2327,2327 : 뱅뱅사거리 랜드마크타워 앞
1602,2328,2328 : 르네상스 호텔 사거리 역삼지하보도 7번출구 앞
1603,2329,2329 : 르네상스호텔사거리 역삼지하보도 2번출구
1604,2330,2330 : 스타벅스 앞
1605,2331,2331 : 동영문화센터앞
1606,2332,2332 : 선릉역3번출구
1607,2333,2333 : 양재역 3번출구 주변
1608,2334,2334 : 삼호아파트 2동 ( 간선도로)
1609,2335,2335 : 3호선 매봉역 3번출구앞
1610,2336,2336 : 강남세브란스교차로 래미안그레이튼 104동 앞
1611,2337,2337 : 대모산입구역 2번출구 앞
1612,2339,2339 : 현대아파트 정문 앞
1613,2340,2340 : 삼호물산버스정류장(23370) 옆
1614,2341,2341 : 일원역 4~5번 출구 사이
1615,2342,2342 : 대청역 1번출구 뒤
1616,2343,2343 : 세곡사거리 대왕파출소 앞
1617,2344,2344 : 리엔파크 2단지 앞
1618,2347,2347 : 두산건설 본사
1619,2348,2348 : 포스코사거리(기업은행)
1620,2349,2349 : 역삼빌딩 앞(하나은행 옆)
1621,2350,2350 : 래미안그레이튼102동앞
1622,2351,2351 : 청소년수련관(수영장)앞
1623,2352,2352 : 서울본부세관(건설회관 앞)
1624,2353,2353 : 강남구청역 2번출구 뒤
1625,2354,2354 : 청담역 2번출구
1626,2355,2355 : 삼성역 5~6번 출구 사이
1627,2356,2356 : 강남구청
1628,2357,2357 : 르네상스호텔사거리 역삼지하보도 3번출구 앞 (더 오번
1629,2358,2358 : 구룡초사거리 (현대아파트10동 앞 )
1630,2359,"2359 : 국립국악중,고교 정문 맞은편"
1631,2360,2360 : 도곡1동 주민센터 교차로
1632,2362,2362 : 신사동 가로수길 입구
1633,2363,2363 : 강남 을지병원 교차로
1634,2364,2364 : 도산대로 렉서스 앞
1635,2365,2365 : K+ 타워 앞
1636,2368,2368 : 도곡동 경남아파트 건너편
1637,2369,2369 : KT선릉타워
1638,2370,2370 : 한티역 3번출구
1639,2371,2371 : 한국우편사업진흥원
1640,2372,2372 : 대치역 사거리
1641,2373,2373 : 개포동역 사거리
1642,2375,2375 : 수서역 1번출구 앞
1643,2376,2376 : 수서역 6번출구 앞
1644,2377,2377 : 수서역 5번출구 뒤
1645,2380,2380 : 삼성동베이직하우스앞
1646,2381,2381 : 언주역 6번출구앞
1647,2382,2382 : 역삼동 sk뷰 501동앞
1648,2383,2383 : 보금자리정원
1649,2384,2384 : 자곡사거리
1650,2385,2385 : 학동역
1651,2386,2386 : 크린랩 본사
1652,2387,2387 : 래미안강남힐즈 사거리
1653,2388,2388 : 강남구 도시관리공단
1654,2389,2389 : 경기여자고등학교 후문 (삼성로3길 입구)
1655,2390,2390 : 구룡마을 입구 (래미안블레스티지 아파트)
1656,2391,2391 : 구룡터널 입구(개포1단지아파트)
1657,2392,2392 : 구룡산 입구 (구룡산 서울둘레길 입구)
1658,2393,2393 : 구룡사 앞 교차로 (보도육교)
1659,2394,2394 : 개포래미안포레스트아파트 107동 앞
1660,2395,2395 : 개포1단지아파트 입구 (보도육교)
1661,2396,2396 : 영동3교 북단(우성캐릭터 앞 보도)
1662,2398,2398 : 더라움
1663,2401,2401 : 밀알학교 입구 (삼성서울병원 입구)
1664,2403,2403 : 공무원연금매점 교차로 (개포주공9단지 입구)
1665,2404,2404 : 대모산입구역 4번 출구 앞
1666,2405,2405 : 청담공원앞 교차로
1667,2406,2406 : 논현동 광명빌딩 앞
1668,2407,2407 : 역삼.서초.삼성 세무서 앞 (역삼빌딩 앞)
1669,2408,2408 : 강남한양수자인아파트
1670,2409,2409 : 역삼동 디오슈페리움 (우성아파트 사거리)
1671,2410,2410 : 포스코피앤에스타워 (역삼역 3번출구 부근)
1672,2411,2411 : 세곡동 성당
1673,2412,2412 : 일원1동 주민센터
1674,2413,2413 : 도곡역 1번 출구
1675,2414,2414 : 도곡역 아카데미스위트 앞
1676,2415,2415 : 한티역 롯데백화점 앞
1677,2416,2416 : 한티역 6번 출구
1678,2417,2417 : 선정릉 디캠프(D.CAMP)앞
1679,2418,2418 : 봉은사역 7번 출구
1680,2419,"2419 : 봉은사역 1,2번 출구"
1681,2420,2420 : 학여울역 사거리(LG베스트샵 앞)
1682,2421,2421 : 신논현역 4번출구
1683,2422,2422 : 수서동 성당 맞은편
1684,2423,2423 : 영희초교 사거리(래미안개포루체하임)
1685,2425,2425 : 세곡동 사거리(대왕초등학교 정류장)
1686,2426,2426 : 강남한신휴플러스 6단지
1687,2427,2427 : 개포고등학교 정문앞
1688,2428,2428 : 롯데리아 개포점앞
1689,2429,2429 : 압구정로데오역 6번출구
1690,2430,2430 : 강남파이낸스센터앞(역삼역2번출구)
1691,2431,2431 : 대치역 7번출구
1692,2501,2501 : 서초 포레스타5단지
1693,2502,2502 : 서초역1번출구 앞
1694,2503,2503 : 반포1동 서초빌딩 앞
1695,2504,2504 : 신사역 4번출구 뒤
1696,2505,2505 : 우성아파트사거리 (기업은행앞)
1697,2506,2506 : LG유플러스 (방배사옥)
1698,2508,2508 : 양재이스타빌 앞
1699,2509,2509 : 심산기념문화센터
1700,2510,2510 : JW타워
1701,2511,2511 : 이수역 6번출구 앞
1702,2514,2514 : 사평역 2번출구
1703,2515,2515 : 서초초등학교 후문
1704,2516,2516 : 본마을 노인복지센터 앞
1705,2517,2517 : 서초3교(효령로69길 방면)
1706,2518,2518 : 서초3교(효령로70길 방면)
1707,2519,2519 : 서초2교(사임당로 방면)
1708,2520,2520 : 서초1교 (진흥아파트 방면)
1709,2521,2521 : 서초 크로바타워 앞
1710,2523,2523 : 뉴코아 킴스클럽 앞
1711,2524,2524 : 반포쇼핑타운 8동 앞
1712,2525,2525 : 반포쇼핑타운 2동 앞
1713,2526,2526 : 반포경남쇼핑 앞
1714,2527,2527 : 반포중학교 앞(세화여고 맞은편)
1715,2528,2528 : 함지박 사거리
1716,2529,2529 : 우리은행 방배동지점 앞
1717,2530,2530 : 삼호3차아파트 앞
1718,2531,2531 : 멤피스아파트 앞
1719,2532,2532 : 국립국악원 앞
1720,2533,2533 : 한가람미술관 앞
1721,2535,2535 : 신반포역 3번출구 뒤
1722,2536,2536 : 서초종합체육관 입구
1723,2537,2537 : 양재역 8번출구 앞
1724,2538,2538 : 사평리 공원
1725,2539,2539 : 대한무역투자진흥공사 KOTRA 앞
1726,2540,2540 : 반포천 앞
1727,2541,2541 : 옛골 입구
1728,2542,2542 : 신논현역2번출구(신논현타워 앞)
1729,2545,2545 : 국립중앙도서관(국제회의장옆)
1730,2547,2547 : 포드서초서비스센터앞
1731,2548,2548 : 반포1동 자율방범초소 옆
1732,2549,2549 : LH 서초 4단지 403동
1733,2550,2550 : 양재동 꽃시장 건너편
1734,2601,2601 : 석촌호수 서호사거리
1735,2603,2603 : 송파 글마루 도서관
1736,2604,2604 : 삼표레미콘 앞
1737,2605,2605 : 복정역 1번 출구 앞
1738,2606,2606 : 위례동주민센터 맞은편 근린공원
1739,2608,2608 : 송파구청
1740,2609,2609 : 보성중고등학교 후문 앞
1741,2610,2610 : 여흥레이크빌 앞 (석촌호수 까페거리)
1742,2611,2611 : 송파지역자활센터 뒤
1743,2612,2612 : 문정·가락 대여소 앞
1744,2613,2613 : 잠실나들목
1745,2614,2614 : 가락고등학교 앞
1746,2615,2615 : 테라타워2
1747,2616,2616 : 거여동 사거리
1748,2617,2617 : 가락삼환아파트 앞
1749,2618,2618 : 삼전역 1번출구
1750,2619,2619 : 석촌고분역 5번출구
1751,2620,2620 : 송파나루역 4번 출구옆
1752,2621,2621 : 한성백제역 2번 출구
1753,2622,2622 : 올림픽공원역 3번출구
1754,2623,2623 : 석촌동 주민센터
1755,2625,2625 : 가락1동 주민센터
1756,2626,"2626 : 경찰병원역 1,2번 출구 사이"
1757,2627,2627 : 문정시영아파트 5동 앞 공원
1758,2628,2628 : 문정역 1번출구
1759,2630,2630 : 서울방이동 고분군
1760,2631,2631 : 배명고등학교
1761,2632,2632 : 석촌고분역 2번 출구
1762,2633,2633 : 송파학사 옆
1763,2634,2634 : 위례포레샤인아파트 2318동
1764,2635,2635 : 잠실새내역 1번출구
1765,2637,2637 : 잠실월드 메르디앙
1766,2638,2638 : 쌍용아파트
1767,2639,2639 : 석촌역 8번출구
1768,2641,2641 : 송파역 4번출구
1769,2642,2642 : 마천동 성내천 쉼터
1770,2643,2643 : 풍납중학교 측면
1771,2644,2644 : 성내5교 (GS주유소)
1772,2645,2645 : 잠실나들목2(엘스아파트136동)
1773,2646,2646 : 레이크펠리스101동앞
1774,2647,2647 : 잠실 자전거 수리센터 앞
1775,2648,2648 : 헬리오시티 112동 앞
1776,2649,2649 : 오금공원사거리2
1777,2650,2650 : 위례22단지 2208동 다리앞
1778,2651,2651 : 경찰병원역 3번출구 앞
1779,2652,2652 : 송파 레미니스1단지 102동 앞
1780,2653,2653 : 올림픽공원사거리(선수촌아파트)
1781,2654,2654 : 올림픽선수촌아파트 136동 앞
1782,2655,2655 : 송이공원
1783,2656,2656 : 풍납동 아이파크 107동 앞
1784,2657,2657 : 송파 파인타운 11단지
1785,2658,2658 : 가락몰 업무동
1786,2659,2659 : 서울친환경유통센터
1787,2701,2701 : 마곡나루역 5번출구 뒤편
1788,2702,2702 : 마곡 엠밸리2단지
1789,2703,2703 : 서울도시가스 앞 
1790,2704,2704 : 홈플러스(강서점)
1791,2706,2706 : 강서공업고등학교 앞
1792,2707,2707 : 한강아파트
1793,2708,2708 : 강서한강자이타워 앞
1794,2709,2709 : 강변아파트 310동 앞
1795,2710,2710 : 라이품 공영주차장 앞
1796,2711,2711 : 가로공원공영주차장 1번 출구
1797,2712,2712 : 화곡터널입구교차로
1798,2713,2713 : 우장초등학교 앞
1799,2715,2715 : 마곡나루역 2번 출구 
1800,2716,2716 : 롯데 R&D 센터
1801,2717,2717 : LG유플러스 마곡사옥
1802,2718,2718 : 마곡수명산파크1단지
1803,2719,2719 : 마곡문화공원
1804,2720,2720 : 힐스테이트에코
1805,2721,2721 : 등촌1-10단지 교차로
1806,2722,2722 : 마곡 문영비지웍스
1807,2723,2723 : 마곡 필네이처
1808,2724,2724 : (재)FITI시험연구원
1809,2725,2725 : 서울식물원 식물문화센터
1810,2727,2727 : 서울식물원 잔디마당 앞
1811,2728,2728 : 마곡나루역 3번 출구
1812,2729,2729 : 넥센 유니버시티 앞
1813,2730,2730 : 마곡메가박스 앞
1814,2731,2731 : 명덕고교
1815,2732,2732 : 마곡수명산 1-2단지 
1816,2733,2733 : 마곡13단지 정문 앞
1817,2735,2735 : 마곡 공공청사
1818,2737,2737 : 까치산역 3번 출구
1819,2739,2739 : 수명산파크1단지교차로
1820,2740,2740 : 마곡레포츠센터
1821,2741,2741 : 마곡수명산파크5-6단지
1822,2742,2742 : 강서구민올림픽체육센터
1823,2743,2743 : 동신아파트 104동 앞
1824,2744,2744 : 강서세무서앞
1825,2745,2745 : 수명초등학교
1826,2746,2746 : 수명산파크4단지411동 앞
1827,2801,2801 : 대륭포스트타워1차
1828,2804,2804 : 항동지구 6단지 602동 앞
1829,2805,2805 : 구로자원순환센터 
1830,2806,2806 : 항동지구 4단지 입구
1831,2807,2807 : 항동지구 1단지 105동 앞
1832,2808,2808 : 항동지구 2단지 202동 앞
1833,2809,2809 : 항동지구 11단지 1103동 앞
1834,2810,2810 : 항동지구 3단지 311동 앞
1835,2812,2812 : 항동프라자
1836,2813,2813 : 항동지구 3단지 302동 앞
1837,2814,2814 : 항동지구 10단지 1001동 앞
1838,2815,2815 : 항동지구 7단지 정문
1839,2816,2816 : 항동지구 8단지 803동옆(주차장입구)
1840,2817,2817 : 천왕이펜하우5단지 앞
1841,2818,2818 : 천왕이펜하우스3단지 앞
1842,2819,2819 : 하늘숲초등학교 앞
1843,2820,2820 : 신세기아파트 앞
1844,2821,2821 : 청구아파트 앞
1845,2822,2822 : 제니스스포츠 앞
1846,2823,2823 : 중앙유통단지 앞
1847,2824,2824 : 미래사랑어린이공원 앞
1848,2825,2825 : 초롱타운 앞
1849,2826,2826 : 가마산지하보도 옆
1850,2901,2901 : 공릉동풍림아파트 101동
1851,2902,2902 : 공릉풍림아파트 108동
1852,2903,2903 : 월계초안아파트 1단지
1853,2904,2904 : 중계3차청구아파트
1854,2907,2907 :  월계중학교
1855,2908,2908 :  광운대학교 중앙도서관
1856,2909,2909 :  석계역 3번 출구
1857,2910,2910 : 도깨비시장
1858,2911,2911 : 상계역중앙시장
1859,2912,2912 : 대진고등학교
1860,2913,2913 : 상계8동 주민센터
1861,2914,2914 : 서울과학기술대학교(미래관)
1862,2915,2915 : 서울과학기술대학교(어학교육원)
1863,2917,2917 : 신창중학교 후문 맞은편 버스정류장
1864,2919,2919 : 등나무 근린공원(시립북서울미술관 앞) 
1865,2920,2920 : 상계중학교(당현2교사거리)
1866,2921,2921 : 중계역 2번출구
1867,3002,3002 : 벽산상암스마트큐브 
1868,3003,3003 : 래미안공덕3차아파트
1869,3005,3005 : 마포구청 청사내
1870,3006,3006 :  상암월드컵파크5단지(상암중학교)
1871,3007,3007 : MBC 앞
1872,3008,3008 : DMC역7번출구
1873,3009,3009 : 서교동사거리(신)
1874,3010,3010 : 홍대입구역 3번출구
1875,3011,3011 : 경의선(노고산동)
1876,3013,3013 : 서울고용노동청본청
1877,3100,3100 : 북성초교
1878,3101,3101 : 서대문구청
1879,3102,3102 : 연희삼거리
1880,3103,3103 : 홍제삼거리 북측
1881,3104,3104 : e편한세상 신촌4단지 앞
1882,3105,3105 : 홍은센트레빌 아파트 앞
1883,3107,3107 : 연희초등학교 앞
1884,3109,3109 : 북한산더 106동 앞
1885,3110,3110 : 홍은 현대아이파크 아파트 202동 앞
1886,3111,3111 : 무악재역 4번 출구
1887,3112,3112 : 독립문역 5번 출구
1888,3113,3113 : 독립문역사거리
1889,3114,3114 : 충정로역 3번 출구
1890,3115,3115 : 북아현 치안센터 인근
1891,3116,3116 : 신촌역 4번출구
1892,3117,3117 : 이화여대 인문관 인근
1893,3119,3119 : 연희 브라운스톤 아파트 앞
1894,3120,3120 : DMC엘가아파트 앞
1895,3121,3121 : 가좌삼거리
1896,3122,3122 : 북가좌삼거리2
1897,3123,3123 : DMC파크뷰자이1단지 110동 앞
1898,3124,3124 : DMC센트럴아이파크아파트
1899,3125,3125 : 연희파크푸르지오아파트 앞
1900,3126,3126 : 남가좌동 제2공영주차장
1901,3127,3127 : 홍은2파출소 옆
1902,3128,3128 : 동신병원 맞은편
1903,3129,3129 : DMC래미안e편한세상203동옆
1904,3130,3130 : 가재울사거리
1905,3131,3131 : 연가교 교차로
1906,3132,3132 : 홍제교
1907,3133,3133 : 핀란드 타워앞
1908,3134,3134 : SK리체블(상수도사업본부)
1909,3201,3201 : 당산skv1센터
1910,3202,3202 : 당산롯데캐슬프레스티지
1911,3203,3203 : 도림동배드민턴체육관
1912,3204,3204 : 도림고가도로 밑
1913,3205,3205 : 문래중학교
1914,3206,3206 : 문래동 주민센터
1915,3207,3207 : 양남사거리 1
1916,3211,3211 : 신길 래미안 프레비뉴
1917,3212,3212 : 신풍역 6번출구
1918,3214,3214 : 영등포 푸르지오
1919,3215,3215 : 강변삼성래미안
1920,3219,3219 : 영등포역 2번출구
1921,3220,3220 : 래미안에스티움(신풍로) 앞
1922,3221,3221 : 서울특별시 남부교육지원청
1923,3305,3305 : 낙성대역 8번 출구
1924,3306,3306 : 서울신우초등학교
1925,3307,3307 : 봉천고개 육교
1926,3310,3310 : 영락고등학교
1927,3311,3311 : 서울대입구역 4번 출구
1928,3401,3401 : 창신두산아파트
1929,3402,3402 : 이화공영주차장
1930,3403,3403 : 서울특별시 교육청
1931,3404,3404 : 서울특별시 중부교육지원청
1932,3405,3405 : 파크팰리스
1933,3406,3406 : 세종로공원
1934,3407,3407 : 안국동사거리(신)
1935,3408,3408 : 종로타워빌딩
1936,3410,3410 : 종로3가역 8번출구
1937,3411,3411 : 종묘
1938,3412,3412 : 세운상가
1939,3413,3413 : 종로플레이스
1940,3414,3414 : 종로5가역 4번출구
1941,3415,3415 : 동대문역6번출구
1942,3416,3416 : 동묘앞역 6번출구
1943,3417,3417 : 창신3동주민센터
1944,3418,3418 : 창신역2번 출구
1945,3419,3419 : 국립어린이과학관
1946,3420,3420 : 성균관대입구사거리(맥도날드)
1947,3421,3421 : 혜화역 1번출구
1948,3422,3422 : 성균관대 정문
1949,3423,3423 : 현대그룹(본사)
1950,3425,3425 : 광화문 풍림스페이스본 1단지앞
1951,3426,3426 : 독립문역 2번출구 뒤
1952,3427,3427 : 인왕산 아이파크 정문
1953,3428,3428 : 서울미술관
1954,3429,3429 : AW컨벤션앞
1955,3430,3430 : 구기치안센터 앞
1956,3431,3431 : 로제우스 레포츠센터
1957,3432,3432 : 종로2가 사거리
1958,3500,3500 : 군자역2번출구
1959,3501,3501 : 광진구청 앞
1960,3502,3502 : 중곡역 1번출구
1961,3503,3503 : 광진유진스웰
1962,3504,3504 : 원일교회
1963,3505,3505 : 신양초교앞 교차로
1964,3506,3506 : 영동대교 북단
1965,3507,3507 : 어린이회관
1966,3508,3508 : 화양사거리
1967,3509,3509 : 세종사이버대학교
1968,3510,3510 : 중곡SK아파트앞
1969,3511,3511 : 응봉역 1번출구
1970,3513,3513 : 상왕십리역 1번출구
1971,3514,3514 : 왕십리교회옆
1972,3515,3515 : 서울숲 관리사무소
1973,3516,3516 : 구의아리수정수센터앞
1974,3517,3517 : 용마사거리
1975,3518,3518 : 군자역 7번출구뒤
1976,3520,3520 : 광진경찰서
1977,3521,3521 : 현대홈타운 뒷길
1978,3523,3523 : 건국대학교 과학관(이과대) 앞
1979,3524,3524 : 세종대학교
1980,3525,3525 : 금호스포츠센터앞
1981,3527,3527 : 왕십리 자이아파트
1982,3528,3528 : 광진정보도서관
1983,3529,3529 : 어린이대공원정문
1984,3530,3530 : 왕십리자이아파트 후문(삼거리)
1985,3531,3531 : 논골사거리(금호도서관 입구)
1986,3532,3532 : 왕십리KCC스위첸아파트
1987,3533,3533 : 건대입구역 사거리(롯데백화점)
1988,3534,3534 : 건대입구역 5번출구 뒤
1989,3536,3536 : 중앙농협(자양동)
1990,3537,3537 : 아차산 휴먼시아 아파트 옆
1991,3538,3538 : 서울숲 IT캐슬
1992,3539,3539 : 서원마을
1993,3541,3541 : 커먼그라운드
1994,3542,3542 : 래미안 구의파크 스위트
1995,3543,3543 : 세종대학교(학술정보원)
1996,3544,3544 : 한양대역 3번 출구
1997,3545,3545 : 한양대역 1번출구
1998,3547,3547 : 상왕십리역 6번 출입구
1999,3548,3548 : 뚝섬역 6번출구
2000,3549,3549 : 건영아파트 앞
2001,3550,3550 : 금호나들목
2002,3551,3551 : 성동도로사업소
2003,3552,3552 : 서울숲 공영주차장앞
2004,3553,3553 : 마장역3번출구
2005,3555,3555 : 양지사거리(센트라스APT 115동앞)
2006,3556,3556 : 신금호파크자이APT앞
2007,3557,3557 : 서울숲리버뷰자이APT105동 앞
2008,3558,3558 : 마장동 금호어울림APT앞
2009,3559,3559 : 성동구민종합체육센터 앞
2010,3560,3560 : 성동구 견인차량 보관소 앞
2011,3561,3561 : 행당동 삼부APT후문
2012,3563,3563 : 구의7단지현대아파트
2013,3564,3564 : 나루마당
2014,3566,3566 : 우성4차아파트
2015,3569,3569 : 건대병원후문
2016,3570,3570 : 구의역 리버비스타 오피스텔
2017,3571,3571 : 화양 APT(횡단보도 옆)
2018,3573,3573 : 광나루안전체험관
2019,3575,3575 : 자양사거리 (LG 유플러스)
2020,3578,3578 : 중곡동 파크웨이빌딩
2021,3579,3579 : 광진 캠퍼스시티
2022,3581,3581 : 광진광장
2023,3582,3582 : 화양동 우체국
2024,3586,3586 : 군자역 비채온 오피스텔
2025,3587,3587 : 우성식품 앞
2026,3588,3588 : 세종대학교(영실관)
2027,3600,3600 : 사근빗물펌프장 건너편
2028,3602,3602 : 한국지역난방공사 강남지사
2029,3603,3603 : 삼성역 2번출구
2030,3604,3604 : 삼성중앙역 5번출구(하이마트앞)
2031,3605,3605 : 봉은사역6번출구(현대아이파크타워앞)
2032,3606,3606 : 신사동주민센터 옆
2033,3609,3609 : 언주초등학교 입구
2034,3610,3610 : 윗반마을 입구
2035,3611,3611 : 방죽마을 입구
2036,3612,3612 : 은곡마을
2037,3614,3614 : 은마아파트 입구 사거리(1)
2038,3615,3615 : 서울 논현동우체국 앞
2039,3616,3616 : 역삼중학교 앞(체육관 방향)
2040,3618,3618 : 서울율현초교 삼거리
2041,3620,3620 : 청담역 11번 출구
2042,3621,3621 : 휘문고교 사거리
2043,3622,3622 : 은마아파트입구 사거리(2)
2044,3623,3623 : 일원에코파크 앞(개포로 방면)
2045,3624,3624 : 대모산입구역 7번 출구 앞
2046,3627,3627 : 압구정나들목
2047,3628,3628 : 역삼1동 주민센터
2048,3629,3629 : 청담사거리(신한오피스텔빌딩 앞)
2049,3630,3630 : 개포우성6차아파트 정문 앞
2050,3634,3634 : 국악고교 앞 교차로
2051,3636,3636 : 삼성중앙역·플래티넘아파트 정류소
2052,3637,3637 : 세곡데이케어센터
2053,3638,3638 : 신청담나들목
2054,3640,3640 : 일원1동 주민센터 앞 사거리
2055,3641,3641 : 대청역
2056,3642,3642 : LH강남힐스테이트아파트
2057,3643,3643 : K2 KOREA
2058,3644,3644 : 상록수아파트
2059,3646,3646 : 선정릉역 4번 출구
2060,3647,3647 : 구룡역 1번 출구
2061,3648,3648 : 구룡역 4번 출구
2062,3649,3649 : 구룡역 5번 출구
2063,3652,3652 : 한영외국어고등학교
2064,3653,3653 : 강동리버스트4단지아파트 404동 앞
2065,3654,3654 : 강동리버스트4단지아파트 405동 앞
2066,3655,3655 : 둔촌신성미소지움아파트
2067,3656,3656 : 둔촌푸르지오아파트
2068,3657,3657 : 서울천호동우체국
2069,3658,3658 : 프라이어팰리스아파트
2070,3659,3659 : 명일초등학교 옆
2071,3661,3661 : 명일동신동아아파트 앞
2072,3663,"3663 : 암사정수센터교차로
(강동롯데캐슬퍼스트아파트)"
2073,3664,3664 : 맥도날드 서울둔촌DT점 앞
2074,3665,3665 : 고덕센트럴 아이파크상가 앞
2075,3668,3668 : 성내삼성아파트
2076,3671,3671 : 둔촌동역교차로
2077,3672,3672 : 고덕중학교 후문
2078,3673,3673 : 강동리버스트6단지
2079,3674,3674 : 강동리버스트7단지
2080,3675,3675 : 강동리버스트8단지
2081,3676,3676 : 강동리엔파크9단지
2082,3677,3677 : 강동구음식물재활용센터
2083,3680,3680 : 강동역3번출구
2084,3681,3681 : 길동 마루빌딩
2085,3682,3682 : 길동 동호빌딩
2086,3683,3683 : KT&G강동지사
2087,3684,3684 : 고덕자이(105동 앞)
2088,3685,3685 : 강동리엔파크14단지(1401동 앞)
2089,3686,3686 : 고덕 래미안 힐스테이트(101동)
2090,3687,3687 : 신명초교입구 교차로
2091,3688,3688 : 상일동산(동아아파트앞 교차로)
2092,3689,3689 : 강일역 3번출구
2093,3690,3690 : 강일역 4번출구
2094,3691,3691 : 둔촌역 2번출구
2095,3692,3692 : 둔촌오륜역 1번 출구
2096,3694,3694 : 강동리엔파크 11단지
2097,3703,3703 : 신성교회 앞
2098,3707,3707 : 드래곤타워 앞
2099,3711,3711 : 월계2교 교차로
2100,3714,3714 : 송천센트레빌
2101,3718,3718 : 번동 SK LPG 충전소
2102,3753,3753 : 공항중학교 버스정류장
2103,3754,3754 : 신방화역 8번출구
2104,3756,3756 : 마곡힐스테이트 정문
2105,3757,3757 : 신방화역 6번출구
2106,3758,3758 : 서울남부출입국관리소
2107,3759,3759 : 이대서울병원
2108,3760,3760 : 발산역 8번 출구
2109,3761,3761 : 나이아가라관광호텔
2110,3762,3762 : 마곡9단지 907동앞
2111,3763,3763 : 등촌태영아파트
2112,3764,3764 : 관문주유소(GS칼택스) 앞
2113,3765,3765 : 문소빌딩
2114,3766,3766 : 강서문화센터
2115,3767,3767 : 대원빌딩
2116,3769,3769 : 가양동 이마트 앞
2117,3770,3770 : 남부순환로 205
2118,3772,3772 : 길성그랑프리텔아파트
2119,3774,3774 : 마곡9단지 910동 상가앞
2120,3775,3775 : 가양오토갤러리
2121,3776,3776 : 김포공항교차로
2122,3778,3778 : 김포공항입구 교차로
2123,3779,3779 : 유광사여성병원
2124,3780,3780 : 등촌서광아파트
2125,3781,3781 : 강서아동복지센터
2126,3782,3782 : 겸재정선미술관
2127,3783,3783 : 마곡금호어울림아파트
2128,3784,3784 : 벽산아파트
2129,3785,3785 : 마곡14단지 1408동앞
2130,3786,3786 : 강서힐스테이트 상가 앞
2131,3787,3787 : 가양나들목
2132,3788,3788 : 정곡나들목
2133,3789,3789 : 염창나들목
2134,3792,3792 : 화곡본동시장 입구
2135,3793,3793 : 더리브골드타워
2136,3794,3794 : 안양천합수부(현대3차아파트)
2137,3795,3795 : 공항신성빌딩 앞
2138,3796,3796 : 송정역 3번출구 앞
2139,3797,3797 : 마곡수명산파크7단지 710동 앞
2140,3798,3798 : 그랜드아이파트아파트 앞
2141,3799,3799 : 국립항공박물관
2142,3801,3801 : 이랜드글로벌R&D센터
2143,3802,3802 : 관악구민체육센터
2144,3803,3803 : 세븐일레븐 신림점
2145,3804,3804 : 낙성대공원
2146,3806,3806 : 낙성대 교수아파트
2147,3807,3807 : 관악우체국 교차로
2148,3810,3810 : 신봉천주유소
2149,3811,3811 : 신사로입구
2150,3812,3812 : KT관악지점
2151,3813,3813 : 낙성대역 5번출구
2152,3814,3814 : 난곡사거리 
2153,3815,3815 : 광일빌딩
2154,3816,3816 : 관악 GSfresh
2155,3818,3818 : 은천교회 앞
2156,3853,3853 : 어린이대공원역 2번출구
2157,3860,3860 : 건국대학교 정문 앞
2158,3863,3863 : 동일로58길 입구
2159,3864,3864 : 광진소방서 앞
2160,3865,3865 : 이튼타워리버 2차
2161,3868,3868 : 자양한강도서관
2162,3873,3873 : 동서울우편집중국 앞
2163,3878,3878 : 장로회신학대학교 주기철 기념관
2164,3879,3879 : 중랑천 뚝방길 산책로 입구
2165,3880,3880 : 홍련봉 공원
2166,3881,3881 :  신자초교입구 교차로
2167,3882,3882 : 자양2동 주민센터
2168,3886,3886 : 광진구 민방위교육센터
2169,3902,3902 : 항동지구5단지 501동 앞
2170,3903,3903 : 현대아파트 앞
2171,3904,3904 : 테크노마트 앞
2172,3905,3905 : 희훈타워빌 앞
2173,3906,3906 : 천왕차량사업소 입구
2174,3907,3907 : 신도림7차e편한세상아파트 803동 앞
2175,3908,3908 : 동선오피스텔 앞
2176,3910,3910 : 목양전원교회 앞 로터리(2)
2177,3911,3911 : 항동하버리안2단지아파트 후문
2178,3912,3912 : 삼호아파트 앞
2179,3914,3914 : 신도림쌍용플래티넘노블아파트 앞
2180,3915,3915 : 동선아파트 앞
2181,3918,3918 : 이좋은집오피스텔 앞
2182,3956,3956 : 대륭테크노타운21차 앞
2183,3958,"3958 : 롯데캐슬2차 마을버스 정류장(18804)
 뒤편"
2184,3959,3959 : 시흥사거리(시흥동 994-3 앞)
2185,3963,3963 : 에이스 하드웨어(시흥대로 396) 앞
2186,3966,3966 : 독산역1번출구 옆(2)
2187,3967,3967 : 혜명양로원 담장 옆(2)
2188,3968,3968 : 독산동 현대홈타운 금천과선교 앞
2189,3969,3969 : 독산역 롯데캐슬 104동 앞
2190,3970,3970 : 시흥4동주민센터 앞
2191,3971,3971 : 순흥안씨묘 건너편
2192,3972,3972 : 산기슭공원 앞
2193,3973,3973 : 독산2동주민센터 앞
2194,3974,3974 :  안천중학교
2195,3977,3977 : 말미사거리
2196,3983,3983 : 금천구청역 1번 출구
2197,3984,3984 : 가산롯데아이티캐슬
2198,3985,3985 : 디폴리스 지식산업센터
2199,4002,4002 : 상계주공 14단지 상가 앞
2200,4003,4003 : 스타벅스 상계초교사거리점
2201,4004,4004 : 당고개입구오거리 당현천변
2202,4005,4005 : 중계2차 한화꿈에그린 101동 인근
2203,4007,4007 : 노원 을지대학교 병원
2204,4008,4008 : 하계 어린이 공원
2205,4009,4009 : 월계프라자
2206,4011,4011 : 월계 센트럴 아이파크
2207,4013,4013 : 중계 롯데마트
2208,4014,4014 : 당고개역 3번 출구
2209,4016,4016 : 노원 마들스타디움
2210,4017,4017 : 월계 청백1단지 아파트 정류장
2211,4018,4018 : 상계주공15단지 버스정류소
2212,4019,4019 : 상계주공10단지 버스정류소
2213,4020,4020 : 중계동 성모빌딩 앞 
2214,4021,4021 : 중계본동 입구
2215,4023,4023 : 월계역 1번 출구
2216,4024,4024 : 꿈의숲 SK뷰 아파트
2217,4025,4025 : 한천교 동편
2218,4026,4026 : 상계주공1단지아파트
2219,4027,4027 : 이마트 월계점
2220,4028,4028 : 한일유앤아이아파트 105동 인근
2221,4029,4029 : 청소년수련관 후문
2222,4031,4031 : 청암예술학교 앞
2223,4032,4032 : 은행사거리(불암주유소 앞)
2224,4033,"4033 : 녹천 자동차운전 전문학원
 (녹천역 4번 출구)"
2225,4034,4034 : 상계근린공원 운동장 앞
2226,4035,4035 : 수락 행복발전소 앞
2227,4036,4036 : 하계역 6번출구
2228,4037,4037 : 물넘이교
2229,4039,4039 : 서울시 북부여성발전센터
2230,4040,4040 : 공릉로 26길
2231,4041,4041 : 공릉역3번출구
2232,4042,4042 : 상계문화정보도서관
2233,4043,4043 : 상계주공13단지 1301동
2234,4044,4044 : 공릉산 백세문 입구
2235,4045,4045 : 은하수 공원
2236,4046,4046 : 경춘선 숲길
2237,4054,4054 : KT프라자도봉점 맞은편
2238,4058,4058 : 다락원체육공원 전망대 입구
2239,4062,4062 : 평화도봉공원 주변
2240,4064,4064 : 신창아파트 입구 앞
2241,4065,4065 : 창동역 1번출구 앞
2242,4073,4073 : 방아골종합사회복지관
2243,4074,4074 : 도봉구육아종합지원센터(창동)
2244,4075,4075 : 방학신동아아파트 11동 앞
2245,4076,4076 : 진영상운 앞 중랑천 변
2246,4077,4077 : 도봉제1교
2247,4078,4078 : 원당공원 앞
2248,4080,4080 : 창동주공19단지앞 
2249,4102,4102 : 휘경1동주민센터 앞
2250,4103,4103 : 휘경sk뷰아파트 앞
2251,4104,4104 : 외대앞역 교차로
2252,4105,4105 : 하나은행 장안동지점앞
2253,4107,4107 : 장안동근린공원 입구
2254,4108,4108 : 답십리파크자이아파트 앞
2255,4110,4110 : 용두롯데캐슬리치아파트 앞
2256,4113,4113 : 한국국방연구원 앞
2257,4114,4114 : 휘경여중고삼거리
2258,4116,4116 : 이문e편한세상아파트 앞
2259,4117,4117 : 휘경119안전센터 앞
2260,4121,4121 : 서울문화재단 앞
2261,4122,4122 : 청계9가교차로 앞
2262,4123,4123 : 배봉초교 교차로
2263,4125,4125 : 회기역 2-①번출구
2264,4152,4152 : 상도효성해링턴플레이스
2265,4153,4153 : 흑성동효사정앞
2266,4158,4158 : 노량진근린공원
2267,4162,4162 : 노량진1동 청소년독서실
2268,4167,4167 : 구로교 아래
2269,4169,4169 : 신대방삼거리
2270,4171,4171 : 우성아파트 앞
2271,4173,4173 : 이화약국 앞
2272,4175,4175 : 스페이스 살림 앞
2273,4202,4202 : 프런트원(공덕역 4번출구 앞)
2274,4206,4206 : 광흥창역5번출구
2275,4207,4207 : 아만티호텔 앞
2276,4208,4208 : 스타벅스(동교동) 앞
2277,4210,4210 : 가좌행복주택 앞
2278,4211,4211 : 시석빌딩 앞
2279,4212,4212 : 한화오벨리스크 앞
2280,4213,4213 : 마포구중앙도서관 정문 앞
2281,4214,4214 : JTBC 앞
2282,4216,4216 : 망원정 앞
2283,4217,4217 : 한강공원 망원나들목
2284,4218,4218 : 디지털매직스페이스
2285,4220,4220 : 신촌 청년주택
2286,4221,4221 : 솔리스타오피스텔(공덕동주민센터)
2287,4222,4222 : 서울디자인고등학교 앞
2288,4224,4224 : 서부운전면허시험장
2289,4226,4226 : 마포프레스티지자이 1
2290,4233,4233 : 코오롱아파트사거리
2291,4234,4234 : 에스테반
2292,4238,4238 : 상암한샘빌딩앞
2293,4239,4239 : 성산2동 주민센터 
2294,4240,4240 : 아현문화건강센터
2295,4253,4253 : 홍은도담도서관
2296,4255,4255 : 래미안 루센티아 아파트 108동 앞
2297,4262,4262 : 서대문자연사박물관 입구
2298,4303,"4303 : 매헌역 2번출구앞
광역버스 정류장앞(22-297)"
2299,4304,4304 : 서울고앞
2300,4305,4305 : 서일스포츠센터
2301,4306,4306 : 서래공원 앞
2302,4307,4307 : 고투몰 gate 15옆
2303,4309,4309 : 서초케이트타운앞
2304,4310,4310 : 염곡동(염통골) 입구
2305,4312,4312 : 반포미도2차아파트 옆
2306,4313,4313 : 반포종합운동장
2307,4314,4314 : 탑성마을 버스정거장 옆
2308,4315,4315 : 이투스교육 앞
2309,4316,4316 : 고속터미널 3번출구
2310,4317,4317 : 양재근린공원
2311,4318,4318 : 방배역 2번 출구
2312,4319,4319 : 삼성전자R&D어린이집 뒤
2313,4320,4320 : 신영체르니 아파트
2314,4322,4322 : 서울추모공원 입구
2315,4323,4323 : 내곡도서관
2316,4324,4324 : 세화고등학교
2317,4327,4327 : 몽마르뜨공원입구
2318,4329,4329 : SC제일은행 양재동지점 앞
2319,4330,"4330 : 반포한강공원입구,씨티21옆"
2320,4353,4353 : 코오롱디지털타워 3차앞
2321,4360,4360 : 르노삼성자동차 성수사업소 앞
2322,4362,4362 : 행당중학교 후문
2323,4363,4363 : 신금호역 2번출구 앞
2324,4367,4367 : kt 행당빌딩 앞
2325,4370,4370 : 서울숲IT캐슬 앞
2326,4373,4373 : 서울숲 지식산업센터
2327,4377,4377 : 우영테크노센터 앞
2328,4406,4406 : 장곡초등학교 앞
2329,4408,4408 : 돌곶이역 앞
2330,4411,4411 : 동산어린이공원 앞
2331,4414,4414 : 안암역 3번 출구
2332,4415,4415 : 미아초교버스승강장
2333,4452,4452 : 삼성SDS
2334,4453,4453 : 위례중앙푸르지오 201동 앞
2335,4454,4454 : 위례 포레샤인 1809동 부근
2336,4456,4456 : 위례포레샤인 2310동 부근
2337,4457,4457 : 아산병원 기숙사 부근
2338,4458,4458 : 서울힐링요양병원 앞
2339,4460,4460 : 올림픽훼미리아파트 112동 앞
2340,4461,4461 : 한양3차아파트 3동 앞
2341,4462,4462 : 가락중학교 앞
2342,4463,4463 : 방이역 2번 출구
2343,4464,4464 : 올림픽공원 북2문
2344,4465,4465 : 건영아파트앞 사거리
2345,4467,4467 : 한림연예예술고등학교
2346,4468,4468 : 가락1동 주민센터 2
2347,4469,4469 : 거여동 어울림아파트  102동앞
2348,4472,4472 : 송파파크데일 1단지 115동 건너편
2349,4473,4473 : 마천금호어울림 1차 102동앞
2350,4474,4474 : 가락현대 1차 11동 앞
2351,4475,4475 : 송파파인타운 4단지 403동
2352,4478,4478 : 문정근린공원2
2353,4479,4479 : 문정중학교
2354,4480,4480 : 가락시장역 롯데마트2
2355,4481,4481 : 올림픽공원 북2문 2
2356,4483,4483 : 잠실나들목4
2357,4484,4484 : 잠실나루역4번출구뒤
2358,4485,4485 : 잠실나루역 고가하부
2359,4486,4486 : 홈플러스 잠실점
2360,4488,4488 : 문현중.고등학교 사이
2361,4490,4490 : 송파파인타운 10단지 1005동
2362,4491,4491 : 장지역 1번출구
2363,4493,4493 : 마천사거리 2
2364,4496,4496 : 잠실 파크리오 120동 앞
2365,4497,4497 : 아시아선수촌아파트 교차로
2366,4499,4499 : 세양청마루 101동 앞
2367,4500,4500 : 풍납나들목
2368,4507,4507 : 삼성전자서비스 신정센터
2369,4508,4508 : 유원목동아파트 앞
2370,4509,4509 : 서울영상고교 입구
2371,4510,4510 : 신정네거리역 교차로
2372,4512,4512 : 목동13_14단지 사거리
2373,4514,4514 : 목동성당 앞
2374,4515,4515 : 동문굿모닝탑
2375,4516,4516 : 신진빌라
2376,4517,4517 : 성보하이드로빌딩
2377,4518,4518 : 청기와빌딩
2378,4519,4519 : 양원보도육교
2379,4520,4520 : 대성유니드아파트
2380,4522,4522 : 다이소신곡시장점
2381,4523,4523 : 구립양천어르신요양센터
2382,4526,4526 : 목동아파트2단지 222동 앞
2383,4527,4527 : 목동신시가지아파트6단지
2384,4528,4528 : 양천구청역 1번출구
2385,4530,4530 : 버거킹 신월점 앞
2386,4531,4531 : 목동아파트 613동 앞
2387,4532,4532 : 목동현대아파트 후문 앞
2388,4534,4534 : 월정초교 앞 사거리
2389,4535,4535 : 목동12단지 아파트
2390,4536,4536 : 양천해누리체육공원
2391,4552,4552 : 코레일유통본사
2392,4553,4553 : 당산삼성2차아파트
2393,4555,4555 : 대림우성2차아파트
2394,4556,4556 : 리버뷰신안인스빌1차 후문
2395,4557,4557 : 리버뷰신안인스빌2차 후문
2396,4558,4558 : 대영중고 후문
2397,4559,4559 : 신길역 2번출구
2398,4560,4560 : 양평동성원아파트
2399,4561,4561 : 양평역 1번출구
2400,4563,4563 : 여의도 은하아파트
2401,4564,4564 : 63스퀘어
2402,4565,4565 : 영등포 신세계백화점
2403,4566,4566 : 대림성원상떼빌아파트
2404,4567,4567 : 한림대학교 강남성심병원 신관
2405,4568,4568 : 영등포로터리
2406,4569,4569 : 힐스테이트클래시안아파트
2407,4571,4571 : 문래동롯데캐슬아파트
2408,4573,4573 : 두산위브아파트
2409,4574,4574 : 영등포시장역 포레나영등포
2410,4575,4575 : 대림동 e편한세상영등포아델포레
2411,4576,4576 : 보라매sk뷰 108동 앞
2412,4578,4578 : 보라매sk뷰
2413,4579,4579 : 국회의사당 본관
2414,4580,4580 : 국회 3문
2415,4581,4581 : 국회 소통관
2416,4582,4582 : 국회도서관
2417,4583,4583 : 의정관
2418,4584,4584 : 국회 2문
2419,4585,4585 : 국회 6문
2420,4588,4588 : 양남사거리 2
2421,4589,4589 : KRX한국거래소(1)
2422,4590,4590 : KRX한국거래소(2)
2423,4591,4591 : 신길자이아파트
2424,4592,4592 : 신길우성4차아파트
2425,4594,4594 : 양평교 영등포대여소
2426,4598,4598 : 오목교 동측 지하보도
2427,4599,4599 : 대림우성아파트 사거리
2428,4600,4600 : 영등포구 총괄 우체국
2429,4602,4602 : 숙명여대앞 버스정류소 주변
2430,4603,4603 : 한강GS에클라트 건너편 교통섬
2431,4604,4604 : 원효로다목적체육관 앞
2432,4605,"4605 : 노들섬 다목적홀(동쪽) 숲, 앞"
2433,4607,4607 : 국립중앙박물관 -용산가족공원 앞
2434,4608,4608 : 국립중앙박물관 정문 앞
2435,4609,4609 : 파크타워 104동 앞
2436,4610,4610 : 한남나인원 105동 앞
2437,4611,4611 : 국제루터교회 앞
2438,4612,4612 : 한남 준 J.FSS 앞
2439,4613,4613 : 서울갤러리아 앞
2440,4615,4615 : 크라운호텔앞 버스정류소
2441,4616,4616 : 신용산지하차도 앞
2442,4617,4617 : 동원베네스트 건너편
2443,4618,4618 : 풍전아파트 건너편
2444,4619,4619 : 한강트럼프월드3차 앞
2445,4620,4620 : 삼각지역 14번 출구 앞(교통섬)
2446,4622,4622 : 한강중학교 앞 버스정류장
2447,4623,4623 : 라인프랜즈이태원점 앞
2448,4625,4625 : 용산공원갤러리앞
2449,4627,4627 : 효창공원앞역 5번출구 옆
2450,4629,4629 : 한강초교보도육교 앞
2451,4632,4632 : 용산 푸르지오 파크타운 1단지 앞
2452,4633,4633 : 센트럴파크타워 앞
2453,4652,4652 : 신사두산위브2차아파트앞
2454,4653,4653 : LG 베스트샵 앞
2455,4654,4654 : OK부동산 앞
2456,4657,4657 : 다이소앞
2457,4658,4658 : 녹번역1번출구앞
2458,4659,4659 : 커피데이응암동지점
2459,4663,4663 : 삼성디지털은평불광점앞
2460,4665,4665 : 김혜영손뜨개 앞
2461,4667,4667 : 폭포동입구 교차로
2462,4668,4668 : 기자촌사거리
2463,4671,4671 : 청구성심병원 앞
2464,4672,4672 : 준빌딩 앞
2465,4674,4674 : 녹번역e편한세상 캐슬 정문 앞
2466,4676,4676 : 갈현1동 주민센터
2467,4677,4677 : 백련산 SK뷰 아이파크 해모로 아파트 앞
2468,4678,"4678 : 백련산로 녹번센트레빌 
아파트 앞"
2469,4702,"4702 : 평창동 꽃여울(꽃집),스타벅스 앞"
2470,4703,4703 : 쌍용아파트2단지 정문
2471,4705,4705 : 웰니스센터(민방위교육장 앞)
2472,4707,4707 : 청계3가 사거리
2473,4708,4708 : 조계사앞사거리(파리바케트앞)
2474,4709,4709 : 천지인 오피스텔 앞
2475,4710,4710 : 자교교회 앞
2476,4711,4711 : 올림픽기념 국민생활관 로터리
2477,4713,4713 : 현대 뜨레비앙 아파트 앞
2478,4715,4715 : 돈의문 박물관 마을
2479,4752,4752 : 삼성사이버빌리지아파트
2480,4753,4753 : 우리은행 서소문금융센터
2481,4760,4760 : 서울역 7번출구
2482,4761,4761 : 탐앤탐스 을지로3가점
2483,4762,4762 : 국제빌딩
2484,4765,4765 : 동대문디자인플라자
2485,4766,4766 : 서소문성지역사박물관
2486,4768,4768 : 서울도시건축전시관
2487,4772,4772 : 중앙일보
2488,4774,4774 : 을지로입구역 8번출구
2489,4775,4775 : 을지로지하쇼핑센터
2490,4776,4776 : 신세계면세점
2491,4777,4777 : 약수동 주민센터
2492,4778,4778 : 대신파이낸스센터
2493,4781,4781 : 브라운스위트레지던스
2494,4782,4782 : 서소문역사공원
2495,4784,4784 : 중부경찰서앞 사거리
2496,4785,4785 : 롯데시티호텔
2497,4791,4791 : 명동역9번출구
2498,4792,4792 : 퇴계로4가 교차로(중구청)
2499,4793,4793 : 동대문역사문화공원역 5번출구
2500,4794,4794 : 서울역 서부교차로(3)
2501,4796,4796 : 부산은행
2502,4797,4797 : KG타워 앞
2503,4798,4798 : 황학동롯데캐슬
2504,4802,4802 : 새우개마을
2505,4803,4803 : 상봉2동 주민센터 앞
2506,4804,4804 : 동서울농협 앞
2507,4807,4807 : 라코지스테이 앞
2508,4808,4808 : 신내2동 주민센터 앞
2509,4809,"4809 : 동성1,2차 아파트 앞"
2510,4811,4811 : 한양수자인아파트 앞
2511,4812,4812 : 묵동 이마트 앞
2512,4813,4813 : 망우로 버거킹 앞
2513,4815,4815 : 중랑데시앙플렉스 앞
2514,4819,4819 : 면목동 새싹어린이공원 앞
2515,4820,4820 : 망우역 2번 출구
2516,4821,4821 : 동원초등학교 정문 앞
2517,4823,4823 : 방정환교육지원센터 옆
2518,4824,4824 : 상봉신협 앞
2519,4825,4825 : 신내동 벽산아파트 후문 앞
2520,4826,4826 : 홈플러스 면목점
2521,4827,4827 : 신내SK V1센터 앞
2522,4828,4828 : 신내동 한살림 중랑지구 앞
2523,4829,4829 : 신내동 마석감자탕 앞
2524,4834,4834 : 용마복지센터 앞
2525,4835,4835 : 망우동 본죽 앞
2526,4852,4852 : 서울복합물류 게이트 1
2527,4853,4853 : 송파 안전체험교육관
2528,4854,4854 : 가락시장역 2번 출구
2529,4855,4855 : 거여5단지 503동 앞
2530,4856,4856 : 올림픽공원 서1문 앞
2531,4857,4857 : 올림픽공원 장미광장
2532,4859,4859 : 잠실나루 나들목
2533,4860,4860 : 가락쌍용2차아파트 103동
2534,4861,4861 : 거여삼거리
2535,4862,4862 : 올림픽파크텔 맞은편
2536,4863,4863 : 잠실나들목5
2537,4864,4864 : 송파사거리
2538,4865,4865 : 한성백제역 1번출구 뒤
2539,4867,4867 : 가락대림아파트 앞
2540,4868,4868 : 레이크 호텔 앞
2541,4869,4869 : 잠실나들목6
2542,4870,4870 : 몽촌토성역 3번 출구
2543,4871,4871 : 오금동 대림아파트 정문
2544,4872,4872 : 개롱역 3번 출구 뒤
2545,4873,4873 : 개롱역사거리 2번 출구
2546,4874,4874 : 탄천1교 하부보도
2547,4875,4875 : 위례포레샤인13단지
2548,4876,4876 : 삼전동주민센터 앞
2549,4879,4879 : 마천청소년센터
2550,4880,4880 : 송파청소년 센터
2551,4881,4881 : 송파청소년센터
2552,4882,4882 : 위례포레샤인18단지 1802동
2553,4883,4883 : 위례포레샤인18단지 1812동
2554,4884,4884 : H비즈니스파크
2555,4885,4885 : 가든파이브 리빙관
2556,4886,4886 : 배명고등학교 건너편
2557,4887,4887 : 호돌이상가
2558,4888,4888 : 둔촌오륜역 2번출구
2559,4889,4889 : 마천역 1번 출구 인근②
2560,4891,4891 : 위례포레샤인17단지 위례대로 방면
2561,4892,4892 : 성내유수지 체육공원
2562,4893,4893 : 문정법조단지12
2563,4894,4894 : 문정법조단지13
2564,4895,4895 : 위례포레샤인15단지 상가
2565,4896,4896 : 위례포레샤인15단지
2566,4897,4897 : 잠실주공5단지1
2567,4902,4902 : 구역삼세무서 교차로
2568,5052,5052 : 마곡역7번출구 홈앤쇼핑 앞
2569,5053,5053 : 신마곡벽산블루밍메트로오피스텔앞
2570,5055,5055 : 마곡역5번출구앞
2571,5056,"5056 : 마곡역4,5번출구"
2572,5057,5057 : 마곡역4번출구
2573,5059,5059 : 화곡2동주민센터
2574,5061,5061 : 우장산동 가곡어린이공원앞
2575,5062,5062 : 마곡동 767-6
2576,5063,"5063 : 서남환경공원
(방화동도시개발2단지방향)"
2577,5064,5064 : 양천향교역8번출구
2578,5065,5065 : 허준박물관삼거리
2579,5066,5066 : 아망떼마곡전시장
2580,5067,5067 : 염참동 새마을금고 앞
2581,5070,5070 : 마곡13단지힐스테이트마스터 후문(1320동 앞)
2582,5072,5072 : 김포공항입구 교통섬
2583,5073,5073 : 우장산역 헤링턴타워 앞
2584,5074,5074 : 마곡동 주니어마곡점앞
2585,5075,5075 : 템퍼 목동점
2586,152,152 : 마포구민체육센터 앞
2587,158,158 : 독립문 어린이 공원
2588,218,218 : 증권거래소 앞
2589,257,257 : 신길삼거리(우리은행)
2590,304,304 : 광화문역 2번출구 앞
2591,312,312 : 시청역 1번출구 뒤
2592,375,375 : 다산 어린이공원
2593,378,378 : 청계7가 사거리
2594,482,482 : 예수소망교회
2595,581,581 : 용답초등학교
2596,675,675 : 성복교회 앞 (장평교 아래)
2597,707,707 : 신정3동주민센터
2598,1014,1014 : 강동구평생학습관앞
2599,1320,1320 : LG베스트샵 종암점
2600,1434,1434 : 홈플러스 면목동점
2601,1443,1443 : 구립망우청소년독서실
2602,1534,1534 : 북서울 꿈의 숲 동문
2603,1545,1545 : 솔샘역 2번 출구
2604,1695,1695 : 월계미륭아파트 정문
2605,1700,1700 : 상계보람아파트 202동 
2606,2081,2081 : 대방1차 e편한세상 앞
2607,2361,2361 : 압구정역 교차로
2608,2534,2534 : 신흥교(애견훈련소)
2609,2607,2607 : 복정역 2번출구 후문 (장지치안센터)
2610,2629,2629 : 문정동 힐스데이트 에코 송파
2611,2905,2905 : 중계주공6단지
2612,3755,3755 : 어위쉬예다인오피스텔
2613,4038,4038 : 상계주공9단지 버스정류소
2614,4112,4112 : 신이문빗물펌프장 옆
2615,4704,4704 : 쌍용아파트2단지 상가앞
2616,4779,4779 : 태극당
2617,311,311 : 서울광장 옆
2618,373,373 : 청구 어린이공원
2619,444,444 : 서울역3번 출구
2620,868,868 : 롯데하이마트 용산점 앞
2621,3535,3535 : 중곡사거리(국민은행)
2622,3106,3106 : 홍남교 두바퀴쉼터
2623,101,101 : (구)합정동 주민센터
2624,136,136 : 대흥동 주민센터
2625,151,151 : 망원1동주민센터
2627,1114,1114 : 서남물재생센터 버스정류장
2628,2714,2714 : 발산1동주민센터교차로
2629,2200,2200 : 관악문화원 건너편
2630,3304,3304 : 낙성대역 5번 출구
2631,2292,2292 : 무지개아파트 앞
2632,2543,2543 : 경문고교 사거리
